Date,Quantite
2004-05-20,7.900
2004-05-23,4.000
2004-05-24,21.200
2004-05-25,8.300
2004-05-26,1.800
2004-05-27,3.100
2004-05-28,11.900
2004-06-01,16.800
2004-06-02,3.800
2004-06-07,0.500
2004-06-09,0.300
2004-06-15,18.300
2004-06-18,2.400
2004-06-19,6.000
2004-06-22,3.900
2004-06-25,19.200
2004-06-27,0.200
2004-06-29,1.600
2004-07-01,8.300
2004-07-02,1.900
2004-07-03,0.100
2004-07-05,0.200
2004-07-08,21.900
2004-07-09,4.000
2004-07-10,0.100
2004-07-12,6.800
2004-07-15,13.000
2004-07-16,26.400
2004-07-17,0.100
2004-07-18,0.200
2004-07-19,0.600
2004-07-20,0.400
2004-07-22,0.100
2004-07-23,45.100
2004-07-28,0.300
2004-07-31,29.000
2004-08-01,14.700
2004-08-03,1.300
2004-08-04,1.400
2004-08-07,9.500
2004-08-08,1.100
2004-08-11,7.400
2004-08-12,47.600
2004-08-13,24.500
2004-08-18,0.300
2004-08-19,8.700
2004-08-21,8.800
2004-08-27,0.100
2004-08-28,0.600
2004-08-29,24.100
2004-08-30,9.700
2004-08-31,26.500
2004-09-04,1.300
2004-09-07,4.100
2004-09-08,3.200
2004-09-09,28.500
2004-09-10,5.000
2004-09-11,0.100
2004-09-16,0.200
2004-09-17,0.200
2004-09-25,0.100
2004-10-02,5.100
2004-10-04,1.900
2004-10-09,0.300
2004-10-11,0.200
2004-10-15,9.600
2004-10-16,19.900
2004-10-17,2.600
2004-10-18,0.600
2004-10-30,0.900
2004-10-31,5.600
2004-11-01,0.100
2004-11-02,8.400
2004-11-03,1.600
2004-11-04,3.100
2004-11-05,4.800
2004-11-06,8.900
2004-11-07,0.300
2004-11-11,0.300
2004-11-18,0.500
2004-11-19,0.500
2004-11-20,0.300
2004-11-21,1.700
2004-11-24,8.200
2004-11-25,21.700
2004-11-28,11.200
2004-12-01,27.200
2004-12-02,0.200
2004-12-03,0.800
2004-12-05,0.900
2004-12-07,7.700
2004-12-08,5.100
2004-12-10,0.700
2004-12-11,12.600
2004-12-13,0.700
2004-12-17,0.200
2004-12-22,1.500
2004-12-23,14.800
2004-12-31,1.800
2005-01-12,0.200
2005-01-14,16.800
2005-01-19,0.600
2005-01-22,0.100
2005-02-08,7.200
2005-02-10,6.200
2005-02-11,1.000
2005-02-14,0.300
2005-02-15,2.300
2005-02-16,3.100
2005-02-18,0.200
2005-02-21,0.100
2005-03-01,1.500
2005-03-06,1.200
2005-03-07,2.000
2005-03-08,3.700
2005-03-09,0.100
2005-03-12,5.400
2005-03-13,1.000
2005-03-15,0.100
2005-03-16,0.200
2005-03-28,6.600
2005-03-31,2.700
2005-04-01,5.400
2005-04-02,19.200
2005-04-03,0.600
2005-04-04,2.600
2005-04-07,8.300
2005-04-08,0.200
2005-04-13,1.500
2005-04-20,15.000
2005-04-23,15.000
2005-04-24,0.800
2005-04-25,8.600
2005-04-27,3.600
2005-04-28,18.100
2005-04-29,2.800
2005-04-30,10.900
2005-05-02,1.200
2005-05-03,0.500
2005-05-04,0.100
2005-05-08,0.100
2005-05-11,2.600
2005-05-15,6.500
2005-05-16,5.700
2005-05-18,2.900
2005-05-21,0.600
2005-05-22,4.600
2005-05-23,1.600
2005-05-26,13.400
2005-05-27,0.700
2005-05-28,5.100
2005-05-29,1.000
2005-05-30,2.000
2005-05-31,4.600
2005-06-01,0.100
2005-06-06,1.500
2005-06-08,0.200
2005-06-09,1.600
2005-06-10,5.100
2005-06-14,48.100
2005-06-15,9.600
2005-06-17,29.400
2005-06-18,1.500
2005-06-22,1.700
2005-06-29,3.300
2005-07-01,1.900
2005-07-05,8.900
2005-07-06,1.100
2005-07-09,38.500
2005-07-10,0.200
2005-07-13,13.700
2005-07-14,19.500
2005-07-15,0.300
2005-07-17,0.300
2005-07-18,8.600
2005-07-19,0.800
2005-07-26,2.900
2005-07-27,8.800
2005-08-01,1.200
2005-08-02,19.400
2005-08-03,0.200
2005-08-05,0.100
2005-08-10,5.500
2005-08-11,1.200
2005-08-12,4.100
2005-08-13,4.600
2005-08-14,0.900
2005-08-17,0.800
2005-08-19,0.100
2005-08-20,3.800
2005-08-21,0.700
2005-08-24,0.900
2005-08-28,3.700
2005-08-30,1.000
2005-08-31,61.000
2005-09-04,4.100
2005-09-06,0.100
2005-09-08,4.400
2005-09-09,0.300
2005-09-16,9.600
2005-09-17,23.600
2005-09-18,4.400
2005-09-19,0.600
2005-09-20,0.600
2005-09-21,0.300
2005-09-22,0.300
2005-09-23,0.800
2005-09-24,0.300
2005-09-25,0.300
2005-09-26,3.700
2005-09-27,12.300
2005-09-28,4.300
2005-09-29,0.300
2005-10-07,2.600
2005-10-08,40.200
2005-10-09,0.600
2005-10-14,4.200
2005-10-15,13.400
2005-10-16,33.300
2005-10-17,33.400
2005-10-18,14.600
2005-10-19,5.300
2005-10-31,0.100
2005-11-25,0.100
2005-11-27,0.200
2005-11-28,4.000
2005-11-29,0.200
2005-11-30,23.500
2005-12-02,1.500
2005-12-04,0.500
2005-12-09,2.400
2005-12-10,0.400
2005-12-16,10.000
2005-12-17,0.100
2005-12-23,3.000
2005-12-24,1.800
2005-12-25,13.800
2005-12-26,12.400
2005-12-29,8.600
2005-12-30,3.500
2006-01-05,3.300
2006-01-06,0.300
2006-01-09,2.800
2006-01-11,2.300
2006-01-12,2.200
2006-01-14,10.600
2006-01-15,0.200
2006-01-17,0.100
2006-01-18,32.400
2006-01-19,0.100
2006-01-21,3.100
2006-01-23,3.500
2006-01-25,1.400
2006-01-29,1.400
2006-01-30,0.600
2006-01-31,0.400
2006-02-01,0.100
2006-02-03,7.800
2006-02-04,0.500
2006-02-05,15.000
2006-02-06,1.600
2006-02-14,0.400
2006-02-15,0.300
2006-02-16,4.800
2006-02-17,12.600
2006-02-22,0.100
2006-02-23,0.300
2006-02-24,2.400
2006-03-09,6.100
2006-03-10,6.200
2006-03-12,1.800
2006-03-13,5.400
2006-03-14,2.400
2006-03-15,0.300
2006-03-25,0.200
2006-04-01,8.700
2006-04-04,21.100
2006-04-05,0.600
2006-04-06,0.300
2006-04-07,3.300
2006-04-08,0.100
2006-04-13,0.100
2006-04-15,22.600
2006-04-16,0.800
2006-04-17,0.300
2006-04-23,23.700
2006-04-24,6.100
2006-04-25,1.200
2006-04-26,21.600
2006-04-27,0.300
2006-05-02,14.500
2006-05-03,2.300
2006-05-04,2.000
2006-05-06,4.200
2006-05-10,4.000
2006-05-11,0.200
2006-05-13,1.800
2006-05-14,0.200
2006-05-15,2.800
2006-05-16,19.500
2006-05-17,10.600
2006-05-18,4.700
2006-05-19,21.100
2006-05-20,16.500
2006-05-21,9.200
2006-05-22,8.300
2006-05-23,2.200
2006-05-25,0.200
2006-05-26,12.200
2006-05-27,1.300
2006-05-30,4.500
2006-05-31,2.800
2006-06-01,12.500
2006-06-03,11.500
2006-06-04,1.100
2006-06-05,0.300
2006-06-07,0.500
2006-06-08,3.600
2006-06-09,1.400
2006-06-10,35.600
2006-06-11,8.800
2006-06-14,1.000
2006-06-19,14.100
2006-06-20,2.300
2006-06-26,24.300
2006-06-27,0.100
2006-06-28,6.600
2006-06-29,9.200
2006-06-30,11.800
2006-07-01,0.400
2006-07-02,18.000
2006-07-04,13.200
2006-07-05,0.100
2006-07-11,0.500
2006-07-12,3.200
2006-07-13,0.600
2006-07-18,5.300
2006-07-21,0.800
2006-07-22,14.200
2006-07-23,7.800
2006-07-24,0.100
2006-07-25,8.800
2006-07-26,0.800
2006-07-28,0.900
2006-07-31,12.800
2006-08-01,33.700
2006-08-02,36.100
2006-08-03,19.100
2006-08-04,0.100
2006-08-07,12.300
2006-08-10,4.000
2006-08-11,0.200
2006-08-15,1.200
2006-08-19,16.400
2006-08-20,20.800
2006-08-21,7.500
2006-08-24,0.100
2006-08-27,17.700
2006-08-28,0.200
2006-09-01,0.100
2006-09-03,3.900
2006-09-04,0.400
2006-09-05,0.100
2006-09-07,0.100
2006-09-12,0.100
2006-09-15,0.200
2006-09-16,0.100
2006-09-19,0.700
2006-09-20,0.100
2006-09-21,0.200
2006-09-23,0.100
2006-09-24,0.100
2006-09-26,0.600
2006-09-29,10.600
2006-10-01,1.600
2006-10-02,0.500
2006-10-03,0.200
2006-10-04,0.100
2006-10-05,0.200
2006-10-11,0.200
2006-10-12,4.200
2006-10-13,0.600
2006-10-17,4.300
2006-10-18,4.300
2006-10-19,0.500
2006-10-20,1.500
2006-10-21,0.300
2006-10-22,1.300
2006-10-23,2.300
2006-10-24,0.100
2006-10-25,0.400
2006-10-29,0.100
2006-10-30,0.100
2006-11-01,0.100
2006-11-06,1.100
2006-11-08,1.300
2006-11-09,0.400
2006-11-10,0.200
2006-11-11,0.100
2006-11-12,0.200
2006-11-13,0.200
2006-11-14,0.100
2006-11-15,0.200
2006-11-16,2.000
2006-11-17,2.000
2006-11-19,0.100
2006-11-20,0.700
2006-11-23,5.200
2006-11-27,1.500
2006-11-28,0.900
2006-11-30,12.600
2006-12-01,27.600
2006-12-02,2.300
2006-12-03,0.100
2006-12-04,0.400
2006-12-06,0.300
2006-12-07,1.400
2006-12-08,0.500
2006-12-09,0.200
2006-12-11,0.400
2006-12-13,2.100
2006-12-15,1.300
2006-12-16,0.500
2006-12-17,0.100
2006-12-18,0.200
2006-12-19,0.100
2006-12-22,3.100
2006-12-23,33.300
2006-12-24,1.400
2006-12-26,6.600
2006-12-30,2.200
2007-01-01,10.700
2007-01-02,1.600
2007-01-05,2.000
2007-01-06,18.100
2007-01-08,15.900
2007-01-09,0.100
2007-01-12,0.500
2007-01-13,2.000
2007-01-15,5.500
2007-01-19,0.400
2007-01-22,0.100
2007-01-28,0.100
2007-02-02,3.100
2007-02-03,0.800
2007-02-04,0.300
2007-02-08,0.100
2007-02-14,12.600
2007-02-16,1.200
2007-02-18,0.200
2007-02-20,0.100
2007-03-02,1.600
2007-03-03,0.500
2007-03-04,0.100
2007-03-05,0.300
2007-03-10,1.900
2007-03-11,0.100
2007-03-14,6.900
2007-03-15,3.400
2007-03-16,0.100
2007-03-17,2.100
2007-03-18,0.300
2007-03-20,0.500
2007-03-22,4.200
2007-03-26,8.200
2007-03-27,1.200
2007-04-02,4.700
2007-04-03,1.600
2007-04-04,9.100
2007-04-05,8.100
2007-04-12,14.500
2007-04-13,1.900
2007-04-14,1.000
2007-04-15,17.900
2007-04-16,0.600
2007-04-23,0.600
2007-04-24,3.300
2007-04-27,2.600
2007-04-28,6.200
2007-04-29,1.700
2007-04-30,7.100
2007-05-11,1.600
2007-05-15,20.400
2007-05-16,50.200
2007-05-17,3.100
2007-05-20,13.400
2007-05-21,0.500
2007-05-27,9.600
2007-05-28,2.200
2007-05-30,2.400
2007-05-31,3.000
2007-06-01,5.600
2007-06-04,12.200
2007-06-05,26.900
2007-06-12,10.200
2007-06-17,2.700
2007-06-18,0.100
2007-06-19,0.300
2007-06-20,6.200
2007-06-22,4.400
2007-06-25,0.200
2007-06-27,3.200
2007-06-28,16.000
2007-06-29,0.600
2007-07-01,0.300
2007-07-02,10.100
2007-07-03,0.200
2007-07-04,0.400
2007-07-05,2.200
2007-07-06,3.300
2007-07-07,0.100
2007-07-08,2.200
2007-07-09,6.500
2007-07-10,0.100
2007-07-11,9.800
2007-07-13,10.300
2007-07-14,0.200
2007-07-15,3.700
2007-07-19,5.500
2007-07-20,6.600
2007-07-21,0.100
2007-08-03,4.200
2007-08-04,0.100
2007-08-05,0.200
2007-08-06,11.300
2007-08-07,0.100
2007-08-08,4.400
2007-08-13,2.300
2007-08-15,1.100
2007-08-16,0.600
2007-08-17,1.700
2007-08-18,1.100
2007-08-23,1.400
2007-08-24,8.800
2007-08-25,1.400
2007-08-26,0.800
2007-08-29,2.000
2007-08-30,0.400
2007-09-08,2.800
2007-09-09,2.200
2007-09-10,1.200
2007-09-11,11.200
2007-09-12,1.500
2007-09-15,4.300
2007-09-26,0.300
2007-09-27,1.100
2007-09-28,1.200
2007-09-29,0.300
2007-09-30,0.300
2007-10-01,0.400
2007-10-02,0.100
2007-10-03,0.200
2007-10-04,0.300
2007-10-06,0.600
2007-10-07,0.600
2007-10-09,0.100
2007-10-12,2.900
2007-10-13,0.500
2007-10-14,4.600
2007-10-15,1.300
2007-10-16,0.100
2007-10-17,0.200
2007-10-18,0.100
2007-10-19,0.500
2007-10-20,3.700
2007-10-21,0.200
2007-10-22,0.100
2007-10-23,0.500
2007-10-24,0.300
2007-10-25,0.100
2007-10-27,4.900
2007-10-28,4.600
2007-10-29,15.100
2007-10-30,15.000
2007-10-31,2.400
2007-11-01,0.100
2007-11-02,0.200
2007-11-05,0.200
2007-11-06,0.100
2007-11-17,1.400
2007-11-20,4.400
2007-11-21,3.800
2007-11-22,7.900
2007-11-25,0.300
2007-11-26,11.000
2007-11-27,3.500
2007-11-28,0.400
2007-11-29,1.800
2007-11-30,0.600
2007-12-03,3.900
2007-12-04,0.200
2007-12-05,7.500
2007-12-07,2.300
2007-12-08,0.300
2009-01-22,1.800
2009-04-05,1.000
2010-05-29,0.300
2010-05-30,0.200
2010-06-01,23.400
2010-06-02,2.200
2010-06-03,27.000
2010-06-04,3.800
2010-06-05,3.500
2010-06-06,17.500
2010-06-07,0.300
2010-06-08,0.200
2010-06-10,3.300
2010-06-12,0.200
2010-06-14,7.200
2010-06-16,8.200
2010-06-17,13.900
2010-06-19,0.500
2010-06-20,8.400
2010-06-21,0.100
2010-06-23,1.400
2010-06-24,11.300
2010-06-28,42.600
2010-06-29,4.700
2010-06-30,3.000
2010-07-01,2.300
2010-07-09,13.100
2010-07-10,37.000
2010-07-13,2.900
2010-07-14,0.500
2010-07-16,5.400
2010-07-17,2.200
2010-07-18,1.400
2010-07-19,8.100
2010-07-20,0.100
2010-07-22,8.700
2010-07-24,0.600
2010-07-28,1.400
2010-08-02,0.200
2010-08-03,14.300
2010-08-04,11.600
2010-08-05,4.300
2010-08-06,1.300
2010-08-08,8.000
2010-08-09,6.200
2010-08-10,8.000
2010-08-11,0.100
2010-08-16,6.000
2010-08-19,0.100
2010-08-21,1.200
2010-08-22,0.800
2010-08-25,2.400
2010-08-26,1.100
2010-08-28,1.200
2010-09-02,4.800
2010-09-03,0.100
2010-09-04,0.500
2010-09-05,0.900
2010-09-06,0.300
2010-09-07,13.000
2010-09-08,11.900
2010-09-09,9.000
2010-09-10,0.300
2010-09-12,0.600
2010-09-13,6.100
2010-09-14,0.600
2010-09-16,15.600
2010-09-17,4.700
2010-09-19,0.100
2010-09-22,0.700
2010-09-24,26.600
2010-09-25,0.700
2010-09-26,0.300
2010-09-27,12.000
2010-09-28,13.200
2010-09-29,15.000
2010-09-30,39.600
2010-10-01,40.100
2010-10-06,11.900
2010-10-07,6.000
2010-10-08,1.900
2010-10-15,20.900
2010-10-16,2.900
2010-10-17,0.200
2010-10-21,7.100
2010-10-24,1.200
2010-10-25,3.400
2010-10-27,8.100
2010-10-29,0.900
2010-10-30,5.800
2010-10-31,4.400
2010-11-04,10.100
2010-11-05,13.300
2010-11-08,13.500
2010-11-09,2.100
2010-11-15,0.100
2010-11-16,1.000
2010-11-17,13.600
2010-11-18,0.100
2010-11-20,0.400
2010-11-22,2.400
2010-11-23,2.700
2010-11-24,0.200
2010-11-26,3.300
2010-11-27,0.700
2010-11-30,1.900
2010-12-01,21.400
2010-12-02,1.700
2010-12-04,2.200
2010-12-06,0.700
2010-12-11,0.200
2010-12-12,1.200
2010-12-13,7.400
2010-12-14,0.100
2010-12-15,0.500
2010-12-16,0.100
2010-12-17,0.400
2010-12-18,0.100
2010-12-19,0.700
2010-12-21,0.200
2010-12-22,4.100
2010-12-23,1.000
2010-12-27,1.000
2010-12-31,0.600
2011-01-01,2.300
2011-01-02,3.600
2011-01-09,0.200
2011-01-12,2.400
2011-01-13,0.100
2011-01-15,1.200
2011-01-18,5.800
2011-01-19,6.300
2011-01-21,1.000
2011-01-25,0.400
2011-01-29,0.100
2011-02-01,0.600
2011-02-02,8.400
2011-02-03,0.500
2011-02-05,3.600
2011-02-06,17.200
2011-02-07,1.200
2011-02-08,2.800
2011-02-09,0.200
2011-02-13,1.800
2011-02-14,2.500
2011-02-17,0.400
2011-02-18,4.300
2011-02-25,1.000
2011-02-28,10.300
2011-03-02,0.600
2011-03-05,11.900
2011-03-06,32.400
2011-03-07,16.100
2011-03-08,11.400
2011-03-09,0.800
2011-03-10,16.500
2011-03-11,1.600
2011-03-12,1.000
2011-03-16,0.300
2011-03-18,5.000
2011-03-19,0.100
2011-03-21,2.000
2011-03-22,1.200
2011-03-24,1.100
2011-04-01,5.500
2011-04-02,0.200
2011-04-04,3.600
2011-04-05,6.900
2011-04-06,0.100
2011-04-10,1.900
2011-04-11,8.800
2011-04-12,0.200
2011-04-13,7.800
2011-04-14,1.700
2011-04-16,2.200
2011-04-17,5.200
2011-04-18,0.200
2011-04-20,14.000
2011-04-21,2.600
2011-04-23,1.100
2011-04-26,19.100
2011-04-27,11.900
2011-04-28,13.000
2011-05-03,27.800
2011-05-04,14.100
2011-05-05,2.100
2011-05-06,0.700
2011-05-14,23.700
2011-05-15,30.000
2011-05-16,12.900
2011-05-17,0.700
2011-05-18,0.100
2011-05-19,0.600
2011-05-20,0.400
2011-05-21,0.400
2011-05-23,0.800
2011-05-24,2.000
2011-05-26,15.300
2011-05-27,40.100
2011-05-28,22.400
2011-05-29,19.700
2011-06-01,2.100
2011-06-02,0.500
2011-06-08,0.200
2011-06-11,1.500
2011-06-12,3.400
2011-06-13,1.900
2011-06-17,3.200
2011-06-18,13.800
2011-06-23,7.800
2011-06-24,11.700
2011-06-25,0.600
2011-06-26,1.700
2011-06-27,0.100
2011-06-29,2.800
2011-06-30,1.500
2011-07-03,6.300
2011-07-04,0.600
2011-07-06,12.800
2011-07-07,0.300
2011-07-09,3.100
2011-07-11,6.400
2011-07-12,0.800
2011-07-13,2.900
2011-07-17,0.200
2011-07-22,1.500
2011-07-25,0.200
2011-07-26,5.600
2011-07-30,0.400
2011-08-02,7.000
2011-08-03,0.100
2011-08-07,27.600
2011-08-08,0.100
2011-08-09,3.900
2011-08-10,3.700
2011-08-11,0.100
2011-08-14,6.400
2011-08-15,4.400
2011-08-16,13.400
2011-08-17,0.200
2011-08-21,6.400
2011-08-22,15.300
2011-08-25,6.500
2011-08-26,0.200
2011-08-28,88.700
2011-08-29,2.600
2011-08-30,0.300
2011-09-03,0.200
2011-09-04,17.900
2011-09-05,40.300
2011-09-06,7.400
2011-09-07,2.200
2011-09-08,0.600
2011-09-09,0.200
2011-09-12,5.200
2011-09-13,45.700
2011-09-14,0.300
2011-09-15,13.300
2011-09-20,4.500
2011-09-21,0.200
2011-09-22,0.100
2011-09-23,0.100
2011-09-24,6.200
2011-09-26,0.100
2011-09-27,0.100
2011-09-29,16.700
2011-09-30,2.200
2011-10-01,15.300
2011-10-02,7.200
2011-10-03,1.600
2011-10-05,0.200
2011-10-13,0.800
2011-10-14,17.900
2011-10-15,16.000
2011-10-16,4.400
2011-10-17,13.700
2011-10-18,0.900
2011-10-19,0.800
2011-10-20,11.100
2011-10-21,2.700
2011-10-22,0.300
2011-10-24,3.600
2011-10-25,0.700
2011-10-30,1.300
2011-11-03,0.300
2011-11-10,2.700
2011-11-11,0.800
2011-11-14,1.400
2011-11-15,0.200
2011-11-17,0.200
2011-11-20,1.500
2011-11-23,4.900
2011-11-24,0.100
2011-11-27,0.700
2011-11-28,2.800
2011-11-30,7.700
2011-12-01,0.100
2011-12-02,0.300
2011-12-05,0.800
2011-12-06,9.300
2011-12-07,2.900
2011-12-08,5.200
2011-12-09,0.300
2011-12-10,0.300
2011-12-13,0.600
2011-12-14,0.100
2011-12-15,10.700
2011-12-16,2.800
2011-12-19,1.500
2011-12-21,5.000
2011-12-22,0.400
2011-12-23,4.800
2011-12-25,0.400
2011-12-26,0.100
2011-12-27,9.600
2011-12-28,2.200
2011-12-31,0.900
2012-01-01,4.700
2012-01-02,0.700
2012-01-03,0.100
2012-01-05,0.200
2012-01-06,0.300
2012-01-07,1.300
2012-01-08,0.400
2012-01-10,0.600
2012-01-12,4.100
2012-01-13,3.900
2012-01-17,3.700
2012-01-18,0.800
2012-01-20,0.300
2012-01-23,7.000
2012-01-24,0.700
2012-01-27,11.400
2012-01-29,0.300
2012-01-31,2.200
2012-02-01,4.100
2012-02-04,0.200
2012-02-15,0.100
2012-02-16,0.200
2012-02-17,1.000
2012-02-22,1.000
2012-02-23,10.800
2012-02-24,11.800
2012-02-25,4.200
2012-02-28,0.100
2012-03-01,8.200
2012-03-02,0.200
2012-03-03,5.800
2012-03-04,1.400
2012-03-08,6.200
2012-03-09,0.700
2012-03-13,4.100
2012-03-14,4.300
2012-03-16,13.000
2012-03-18,0.100
2012-03-22,0.600
2012-03-25,2.100
2012-03-26,0.900
2012-03-28,4.600
2012-03-29,0.200
2012-04-04,0.200
2012-04-09,7.700
2012-04-10,4.700
2012-04-11,1.000
2012-04-12,0.100
2012-04-17,0.100
2012-04-21,9.800
2012-04-22,13.500
2012-04-23,26.200
2012-04-24,0.400
2012-04-25,1.200
2012-04-26,6.900
2012-04-27,1.500
2012-05-01,6.800
2012-05-02,0.100
2012-05-04,10.900
2012-05-08,8.300
2012-05-09,7.000
2012-05-10,6.400
2012-05-11,0.500
2012-05-13,4.000
2012-05-14,0.100
2012-05-15,14.100
2012-05-16,1.300
2012-05-17,0.100
2012-05-22,18.900
2012-05-23,0.400
2012-05-25,0.300
2012-05-28,0.300
2012-05-29,30.000
2012-05-30,0.700
2012-06-02,27.600
2012-06-03,1.000
2012-06-04,1.900
2012-06-06,3.400
2012-06-08,1.900
2012-06-12,1.700
2012-06-13,5.200
2012-06-23,4.600
2012-06-24,0.100
2012-06-25,1.300
2012-06-26,17.000
2012-06-27,20.700
2012-06-28,0.100
2012-06-29,1.200
2012-06-30,3.100
2012-07-01,0.100
2012-07-02,2.300
2012-07-03,0.100
2012-07-04,13.100
2012-07-10,0.100
2012-07-15,3.000
2012-07-16,4.100
2012-07-17,13.900
2012-07-18,0.100
2012-07-23,14.600
2012-07-24,20.200
2012-08-05,4.600
2012-08-08,0.600
2012-08-09,15.700
2012-08-10,13.300
2012-08-11,1.800
2012-08-15,3.000
2012-08-17,0.300
2012-08-23,0.400
2012-08-27,2.100
2012-08-28,3.100
2012-09-04,8.500
2012-09-05,33.200
2012-09-08,15.200
2012-09-09,0.400
2012-09-15,2.400
2012-09-18,22.200
2012-09-19,4.200
2012-09-22,9.300
2012-09-23,3.100
2012-09-24,0.300
2012-09-26,10.900
2012-09-29,4.300
2012-09-30,16.200
2012-10-01,13.500
2012-10-03,0.100
2012-10-04,10.400
2012-10-05,0.300
2012-10-06,10.000
2012-10-08,0.200
2012-10-10,14.600
2012-10-11,0.300
2012-10-12,1.800
2012-10-14,7.200
2012-10-15,7.500
2012-10-19,22.300
2012-10-20,0.500
2012-10-21,1.600
2012-10-30,1.900
2012-10-31,3.900
2012-11-01,0.200
2012-11-02,0.600
2012-11-03,1.800
2012-11-13,11.100
2012-11-23,4.700
2012-11-24,0.900
2012-11-28,0.800
2012-11-29,0.200
2012-12-02,6.000
2012-12-03,1.300
2012-12-04,1.500
2012-12-05,10.900
2012-12-08,0.100
2012-12-10,15.700
2012-12-16,1.000
2012-12-17,5.500
2012-12-18,14.200
2012-12-19,0.800
2012-12-20,0.100
2012-12-21,5.500
2012-12-23,0.300
2012-12-27,4.100
2012-12-28,0.200
2012-12-29,2.200
2012-12-30,1.300
2012-12-31,0.400
2013-01-01,0.100
2013-01-04,0.700
2013-01-05,0.100
2013-01-06,1.700
2013-01-07,0.100
2013-01-09,0.600
2013-01-11,0.100
2013-01-13,0.300
2013-01-17,0.300
2013-01-19,0.400
2013-01-20,2.900
2013-01-28,0.500
2013-01-30,2.100
2013-01-31,15.400
2013-02-06,0.100
2013-02-08,1.900
2013-02-11,2.500
2013-02-12,0.200
2013-02-13,0.100
2013-02-15,1.200
2013-02-19,1.200
2013-02-20,1.400
2013-02-21,0.100
2013-02-23,3.000
2013-02-24,1.700
2013-02-27,1.000
2013-02-28,0.800
2013-03-01,0.600
2013-03-02,2.100
2013-03-03,0.300
2013-03-04,0.600
2013-03-05,0.100
2013-03-12,28.100
2013-03-13,1.000
2013-03-15,0.100
2013-03-19,6.900
2013-03-20,5.600
2013-03-21,0.100
2013-03-27,1.400
2013-03-29,0.100
2013-04-01,2.900
2013-04-05,0.500
2013-04-09,11.200
2013-04-10,0.900
2013-04-12,9.700
2013-04-13,2.400
2013-04-14,0.400
2013-04-16,8.600
2013-04-18,0.300
2013-04-19,10.800
2013-04-20,3.300
2013-04-21,0.200
2013-04-24,0.300
2013-04-25,0.800
2013-05-09,7.400
2013-05-10,0.100
2013-05-11,12.300
2013-05-13,1.000
2013-05-15,3.500
2013-05-19,5.500
2013-05-20,15.800
2013-05-21,12.000
2013-05-22,6.200
2013-05-23,35.100
2013-05-24,17.400
2013-05-25,32.500
2013-05-26,1.400
2013-05-29,15.300
2013-05-31,2.600
2013-06-01,9.900
2013-06-02,9.400
2013-06-03,0.200
2013-06-06,1.400
2013-06-07,4.400
2013-06-08,4.900
2013-06-09,0.200
2013-06-10,2.200
2013-06-11,26.800
2013-06-12,2.800
2013-06-13,0.100
2013-06-14,1.600
2013-06-16,9.500
2013-06-17,5.800
2013-06-22,2.600
2013-06-23,1.000
2013-06-24,8.100
2013-06-25,1.900
2013-06-27,1.200
2013-06-28,18.000
2013-06-29,23.800
2013-06-30,0.100
2013-07-01,0.100
2013-07-02,5.800
2013-07-04,0.500
2013-07-06,0.100
2013-07-07,1.200
2013-07-08,5.300
2013-07-11,1.400
2013-07-17,2.700
2013-07-18,0.300
2013-07-19,7.600
2013-07-20,3.000
2013-07-23,3.000
2013-07-24,2.900
2013-07-28,16.400
2013-07-29,29.500
2013-07-30,1.900
2013-08-01,11.000
2013-08-02,6.900
2013-08-03,11.600
2013-08-04,4.400
2013-08-07,0.200
2013-08-08,16.500
2013-08-09,24.700
2013-08-13,8.200
2013-08-14,0.800
2013-08-16,3.400
2013-08-17,0.100
2013-08-22,4.900
2013-08-24,0.100
2013-08-26,4.400
2013-08-27,0.100
2013-08-29,0.500
2013-08-30,13.300
2013-08-31,5.200
2013-09-02,86.900
2013-09-03,0.100
2013-09-04,0.100
2013-09-07,1.000
2013-09-08,2.900
2013-09-10,1.400
2013-09-11,3.500
2013-09-12,21.600
2013-09-13,4.200
2013-09-14,14.800
2013-09-16,5.900
2013-09-19,0.100
2013-09-22,14.300
2013-09-29,0.100
2013-09-30,0.100
2013-10-01,0.100
2013-10-06,2.400
2013-10-07,13.300
2013-10-09,0.100
2013-10-14,5.300
2013-10-15,0.100
2013-10-16,0.500
2013-10-17,2.100
2013-10-18,5.000
2013-10-19,1.100
2013-10-20,1.900
2013-10-22,1.700
2013-10-26,4.500
2013-10-27,0.400
2013-10-28,1.200
2013-10-31,1.400
2013-11-01,3.300
2013-11-02,3.100
2013-11-07,6.100
2013-11-10,4.200
2013-11-11,1.900
2013-11-17,3.600
2013-11-18,3.000
2014-04-11,0.100
2014-04-13,1.500
2014-04-14,3.300
2014-04-15,17.500
2014-04-16,0.600
2014-04-17,1.000
2014-04-19,5.200
2014-04-22,7.100
2014-04-23,0.300
2014-04-26,5.300
2014-04-27,3.400
2014-04-30,11.600
2014-05-01,11.400
2014-05-02,1.700
2014-05-03,1.000
2014-05-04,16.700
2014-05-05,2.500
2014-05-09,0.300
2014-05-10,6.200
2014-05-14,1.000
2014-05-17,23.300
2014-05-19,0.100
2014-05-22,5.300
2014-05-23,6.100
2014-05-24,2.900
2014-05-25,2.800
2014-05-26,10.900
2014-05-27,15.300
2014-05-28,2.600
2014-05-30,2.000
2014-06-03,2.300
2014-06-06,0.300
2014-06-10,17.900
2014-06-11,0.600
2014-06-12,23.500
2014-06-13,13.500
2014-06-14,8.300
2014-06-16,0.400
2014-06-17,0.500
2014-06-18,32.700
2014-06-24,7.900
2014-06-25,6.700
2014-06-26,2.500
2014-06-30,1.000
2014-07-03,19.300
2014-07-04,4.300
2014-07-05,0.200
2014-07-07,4.600
2014-07-08,5.900
2014-07-09,0.700
2014-07-13,2.300
2014-07-15,1.400
2014-07-16,2.000
2014-07-23,18.900
2014-07-27,11.600
2014-07-28,16.900
2014-07-29,0.300
2014-07-31,6.200
2014-08-01,0.100
2014-08-04,6.000
2014-08-05,20.600
2014-08-06,0.300
2014-08-07,1.100
2014-08-08,0.100
2014-08-09,0.100
2014-08-13,32.000
2014-08-14,2.000
2014-08-15,0.100
2014-08-16,4.700
2014-08-17,8.100
2014-08-18,1.300
2014-08-20,0.100
2014-08-27,3.900
2014-08-31,14.000
2014-09-01,0.100
2014-09-02,12.000
2014-09-03,1.100
2014-09-06,15.700
2014-09-07,0.100
2014-09-11,5.100
2014-09-13,5.700
2014-09-16,2.600
2014-09-18,1.500
2014-09-21,3.900
2014-09-22,3.600
2014-09-23,0.100
2014-09-24,0.100
2014-09-26,0.100
2014-10-04,27.000
2014-10-05,0.600
2014-10-07,3.200
2014-10-08,8.300
2014-10-09,1.000
2014-10-13,0.100
2014-10-16,8.700
2014-10-17,9.200
2014-10-18,11.200
2014-10-20,0.100
2014-10-21,3.200
2014-10-22,6.900
2014-10-23,17.500
2014-10-24,2.900
2014-10-25,6.000
2014-10-26,0.200
2014-10-27,0.200
2014-10-28,2.400
2014-10-29,4.200
2014-11-04,0.500
2014-11-05,3.200
2014-11-06,4.300
2014-11-07,4.800
2014-11-12,3.700
2014-11-14,0.300
2014-11-16,0.100
2014-11-17,4.000
2014-11-18,1.100
2014-11-20,0.200
2014-11-22,1.400
2014-11-23,1.600
2014-11-24,15.300
2014-11-30,1.700
2014-12-01,1.200
2014-12-03,6.200
2014-12-06,2.300
2014-12-09,5.600
2014-12-10,3.800
2014-12-11,6.200
2014-12-16,0.800
2014-12-17,19.600
2014-12-18,0.300
2014-12-23,3.400
2014-12-24,28.700
2014-12-25,1.400
2014-12-27,0.400
2014-12-28,2.400
2015-01-04,29.100
2015-01-05,0.100
2015-01-18,16.800
2015-01-19,0.400
2015-03-05,0.100
2015-03-10,18.800
2015-03-16,5.500
2015-03-17,1.100
2015-03-20,0.200
2015-03-21,4.900
2015-03-26,5.300
2015-03-27,1.800
2015-03-30,1.200
2015-03-31,0.200
2015-04-02,0.900
2015-04-03,0.300
2015-04-04,7.800
2015-04-06,0.300
2015-04-07,1.700
2015-04-09,2.700
2015-04-10,16.400
2015-04-14,0.100
2015-04-17,0.600
2015-04-18,3.000
2015-04-19,0.200
2015-04-20,7.600
2015-04-21,8.200
2015-04-22,20.700
2015-04-23,2.200
2015-04-24,1.900
2015-04-25,0.300
2015-04-26,0.300
2015-04-27,3.400
2015-04-28,0.100
2015-05-04,1.400
2015-05-05,0.200
2015-05-09,0.400
2015-05-10,0.800
2015-05-11,17.500
2015-05-12,6.500
2015-05-13,1.000
2015-05-16,3.000
2015-05-18,0.600
2015-05-19,14.000
2015-05-20,0.300
2015-05-22,1.300
2015-05-24,0.700
2015-05-25,6.600
2015-05-26,2.000
2015-05-27,9.200
2015-05-28,8.800
2015-05-29,0.100
2015-05-30,26.700
2015-05-31,5.700
2015-06-01,17.100
2015-06-02,1.400
2015-06-05,7.200
2015-06-06,0.100
2015-06-08,15.100
2015-06-09,34.500
2015-06-10,7.300
2015-06-12,12.200
2015-06-13,1.900
2015-06-16,9.100
2015-06-19,1.400
2015-06-21,5.200
2015-06-22,10.300
2015-06-23,3.600
2015-06-28,9.600
2015-06-29,0.300
2015-06-30,2.500
2015-07-01,8.900
2015-07-07,0.200
2015-07-08,5.200
2015-07-14,0.600
2015-07-15,20.500
2015-07-18,6.400
2015-07-19,30.700
2015-07-20,11.900
2015-07-21,10.600
2015-07-22,1.500
2015-07-23,0.600
2015-07-24,1.600
2015-07-25,0.100
2015-07-26,0.900
2015-07-27,1.200
2015-07-30,21.100
2015-08-01,0.800
2015-08-03,6.500
2015-08-04,3.600
2015-08-05,13.200
2015-08-06,1.300
2015-08-11,17.400
2015-08-12,2.300
2015-08-14,1.100
2015-08-21,13.700
2015-08-25,19.600
2015-08-26,1.100
2015-08-27,0.100
2015-09-03,4.700
2015-09-07,11.700
2015-09-08,1.000
2015-09-09,17.200
2015-09-11,0.500
2015-09-12,0.100
2015-09-13,5.800
2015-09-14,23.200
2015-09-19,1.700
2015-09-20,2.000
2015-09-29,18.700
2015-09-30,29.600
2015-10-09,12.100
2015-10-13,4.700
2015-10-14,0.300
2015-10-15,1.900
2015-10-16,2.200
2015-10-17,2.200
2015-10-18,0.500
2015-10-19,0.100
2015-10-22,1.600
2015-10-25,8.500
2015-10-27,0.100
2015-10-28,19.400
2015-10-29,16.700
2015-10-30,3.200
2015-11-01,3.800
2015-11-03,0.700
2015-11-06,1.800
2015-11-12,8.300
2015-11-13,5.800
2015-11-14,1.500
2015-11-19,8.000
2015-11-20,16.700
2015-11-22,0.600
2015-11-27,5.300
2015-12-01,2.000
2015-12-02,17.200
2015-12-03,8.600
2015-12-04,0.300
2015-12-06,0.100
2015-12-07,0.100
2015-12-08,0.100
2015-12-10,0.900
2015-12-13,2.700
2015-12-14,2.500
2015-12-15,17.700
2015-12-17,16.800
2015-12-18,0.700
2015-12-21,3.000
2015-12-22,8.400
2015-12-23,7.700
2015-12-24,3.500
2015-12-27,4.100
2015-12-31,0.500
2016-01-09,0.500
2016-01-10,28.400
2016-01-16,0.100
2016-01-26,4.100
2016-01-29,0.500
2016-01-31,0.500
2016-02-01,0.200
2016-02-03,10.000
2016-02-04,2.700
2016-02-16,16.300
2016-02-20,10.400
2016-02-21,1.200
2016-02-24,0.100
2016-02-25,7.900
2016-02-29,12.700
2016-03-04,0.300
2016-03-05,0.100
2016-03-07,0.200
2016-03-08,0.200
2016-03-09,0.900
2016-03-10,0.800
2016-03-11,0.100
2016-03-14,1.400
2016-03-15,1.600
2016-03-16,3.600
2016-03-17,5.400
2016-03-18,2.300
2016-03-20,0.100
2016-03-23,5.200
2016-03-25,10.200
2016-03-26,0.200
2016-03-27,0.100
2016-03-28,14.200
2016-03-29,1.900
2016-03-31,6.700
2016-04-01,8.300
2016-04-02,0.700
2016-04-07,10.900
2016-04-08,2.600
2016-04-10,0.100
2016-04-11,5.900
2016-04-12,9.300
2016-04-18,9.700
2016-04-19,2.600
2016-04-22,2.300
2016-05-01,7.800
2016-05-02,6.600
2016-05-03,0.100
2016-05-08,6.300
2016-05-13,7.000
2016-05-14,3.200
2016-05-15,14.100
2016-05-16,0.700
2016-05-17,0.100
2016-05-19,4.800
2016-05-22,1.100
2016-05-23,0.100
2016-05-27,1.100
2016-05-29,1.900
2016-05-30,2.400
2016-06-02,0.500
2016-06-05,26.800
2016-06-06,4.300
2016-06-07,2.400
2016-06-08,3.200
2016-06-09,1.400
2016-06-10,0.100
2016-06-11,1.100
2016-06-12,3.200
2016-06-13,5.500
2016-06-14,0.300
2016-06-22,0.800
2016-06-28,14.400
2016-06-29,2.600
2016-07-01,2.200
2016-07-02,1.000
2016-07-03,1.700
2016-07-09,4.200
2016-07-10,1.900
2016-07-14,22.700
2016-07-16,0.200
2016-07-18,6.000
2016-07-19,0.900
2016-07-22,5.400
2016-07-23,20.900
2016-07-25,0.400
2016-07-28,3.400
2016-08-06,1.200
2016-08-07,8.000
2016-08-08,4.800
2016-08-12,10.800
2016-08-13,29.600
2016-08-14,11.400
2016-08-15,4.000
2016-08-16,35.800
2016-08-17,3.400
2016-08-18,3.500
2016-08-21,9.300
2016-08-22,5.600
2016-08-25,1.200
2016-08-28,7.800
2016-08-29,1.100
2016-08-31,10.000
2016-09-01,0.100
2016-09-08,0.500
2016-09-11,12.200
2016-09-14,2.100
2016-09-18,1.100
2016-09-19,5.400
2016-09-20,0.100
2016-09-22,0.100
2016-09-23,4.700
2016-09-24,0.100
2016-09-26,0.100
2016-09-27,4.200
2016-09-28,1.300
2016-10-02,0.300
2016-10-03,0.600
2016-10-04,0.200
2016-10-05,0.100
2016-10-07,0.100
2016-10-08,0.600
2016-10-13,4.400
2016-10-15,0.100
2016-10-16,10.800
2016-10-18,6.500
2016-10-20,6.300
2016-10-21,3.800
2016-10-22,1.900
2016-10-23,0.500
2016-10-24,0.200
2016-10-25,0.200
2016-10-26,0.200
2016-10-27,6.300
2016-10-28,8.800
2016-10-29,9.400
2016-10-31,0.100
2016-11-03,4.600
2016-11-04,1.100
2016-11-05,1.200
2016-11-06,0.400
2016-11-07,0.100
2016-11-09,0.100
2016-11-11,3.600
2016-11-15,6.600
2016-11-16,9.100
2016-11-18,0.100
2016-11-19,0.100
2016-11-20,7.000
2016-11-24,0.400
2016-11-25,1.000
2016-11-26,1.100
2016-11-27,0.100
2016-11-29,6.900
2016-11-30,6.000
2016-12-01,18.300
2016-12-02,3.800
2016-12-03,0.500
2016-12-07,2.500
2016-12-08,0.100
2016-12-23,0.100
2016-12-24,4.600
2016-12-25,1.200
2016-12-27,4.300
2017-01-02,2.600
2017-01-03,6.500
2017-01-04,3.500
2017-01-10,0.100
2017-01-11,6.300
2017-01-12,9.500
2017-01-18,0.900
2017-01-19,0.800
2017-01-20,0.100
2017-01-21,1.000
2017-01-24,0.200
2017-02-08,5.300
2017-02-15,0.100
2017-02-18,19.300
2017-02-19,8.300
2017-02-24,1.800
2017-02-25,15.100
2017-02-26,0.100
2017-02-27,6.300
2017-02-28,1.900
2017-03-01,11.300
2017-03-02,1.100
2017-03-06,0.100
2017-03-07,1.100
2017-03-08,4.500
2017-03-17,0.100
2017-03-18,0.700
2017-03-19,0.100
2017-03-21,0.100
2017-03-25,0.700
2017-03-26,0.900
2017-03-27,5.900
2017-03-28,3.900
2017-03-29,0.200
2017-04-01,8.300
2017-04-02,2.200
2017-04-04,13.700
2017-04-05,1.300
2017-04-06,18.100
2017-04-07,2.100
2017-04-08,0.800
2017-04-09,0.200
2017-04-11,3.000
2017-04-12,0.800
2017-04-15,0.600
2017-04-16,17.200
2017-04-17,0.900
2017-04-18,0.100
2017-04-19,8.700
2017-04-20,0.900
2017-04-21,5.000
2017-04-22,2.400
2017-04-25,3.100
2017-04-26,3.700
2017-04-30,1.400
2017-05-01,3.800
2017-05-02,0.900
2017-05-03,0.500
2017-05-05,2.200
2017-05-06,1.100
2017-05-07,1.100
2017-05-08,0.600
2017-05-10,0.400
2017-05-11,0.100
2017-05-13,0.300
2017-05-14,7.200
2017-05-15,4.200
2017-05-18,0.200
2017-05-19,1.200
2017-05-22,6.500
2017-05-25,3.500
2017-05-26,3.500
2017-05-29,1.800
2017-05-30,2.900
2017-05-31,7.200
2017-06-01,0.300
2017-06-02,0.900
2017-06-03,0.700
2017-06-04,4.200
2017-06-05,16.600
2017-06-06,5.400
2017-06-07,0.100
2017-06-09,1.200
2017-06-16,25.400
2017-06-19,11.800
2017-06-20,7.400
2017-06-23,16.900
2017-06-24,11.600
2017-06-25,2.600
2017-06-27,2.600
2017-06-28,2.800
2017-06-29,4.900
2017-06-30,5.700
2017-07-01,9.600
2017-07-02,0.100
2017-07-03,0.800
2017-07-07,1.200
2017-07-08,14.400
2017-07-10,10.600
2017-07-11,0.100
2017-07-13,5.400
2017-07-14,6.600
2017-07-17,6.400
2017-07-18,0.300
2017-07-20,0.300
2017-07-24,6.100
2017-07-25,1.500
2017-07-26,0.200
2017-07-27,0.900
2017-08-02,0.200
2017-08-03,1.800
2017-08-05,15.800
2017-08-07,0.100
2017-08-08,0.800
2017-08-10,0.700
2017-08-11,21.000
2017-08-12,7.300
2017-08-13,10.200
2017-08-15,0.100
2017-08-18,11.400
2017-08-20,0.700
2017-08-22,21.800
2017-08-23,2.700
2017-08-31,1.300
2017-09-03,16.400
2017-09-04,1.500
2017-09-05,12.600
2017-09-06,2.400
2017-09-07,10.600
2017-09-08,3.200
2017-09-09,3.200
2017-09-10,0.100
2017-09-17,0.100
2017-09-27,12.600
2017-10-04,13.000
2017-10-07,0.300
2017-10-08,11.600
2017-10-09,23.900
2017-10-10,0.100
2017-10-15,2.600
2017-10-16,0.500
2017-10-24,8.400
2017-10-25,7.000
2017-10-26,22.100
2017-10-27,0.900
2017-10-29,8.100
2017-10-30,13.500
2017-10-31,0.300
2017-11-01,2.200
2017-11-02,14.800
2017-11-03,16.000
2017-11-04,0.200
2017-11-05,7.400
2017-11-06,9.200
2017-11-08,0.100
2017-11-12,0.300
2017-11-16,2.000
2017-11-17,0.500
2017-11-18,0.900
2017-11-19,8.200
2017-11-22,2.800
2017-11-25,1.400
2017-11-26,0.400
2017-11-27,2.400
2017-11-29,0.800
2017-11-30,2.800
2017-12-01,0.300
2017-12-05,14.700
2017-12-06,2.400
2017-12-07,0.100
2017-12-09,0.300
2017-12-10,0.100
2017-12-11,0.300
2017-12-12,5.600
2017-12-13,0.400
2017-12-16,0.100
2017-12-18,2.900
2017-12-19,5.400
2017-12-20,0.100
2017-12-22,1.100
2017-12-23,11.400
2017-12-25,1.500
2018-01-02,0.100
2018-01-03,0.200
2018-01-04,3.600
2018-01-07,0.200
2018-01-08,4.600
2018-01-09,1.000
2018-01-11,1.100
2018-01-12,31.400
2018-01-13,12.800
2018-01-16,0.600
2018-01-17,0.600
2018-01-22,2.900
2018-01-23,21.000
2018-01-24,0.100
2018-01-27,1.400
2018-01-28,0.300
2018-01-31,0.900
2018-02-01,1.500
2018-02-02,0.200
2018-02-04,4.000
2018-02-05,0.300
2018-02-06,0.100
2018-02-07,8.800
2018-02-08,0.200
2018-02-09,0.100
2018-02-10,5.900
2018-02-11,2.200
2018-02-15,0.100
2018-02-16,0.500
2018-02-18,0.100
2018-02-19,1.300
2018-02-20,12.000
2018-02-21,0.700
2018-02-23,1.000
2018-02-24,0.700
2018-02-25,4.600
2018-02-28,0.500
2018-03-01,0.200
2018-03-07,0.300
2018-03-08,6.900
2018-03-09,0.600
2018-03-10,0.500
2018-03-11,1.600
2018-03-13,1.200
2018-03-14,6.200
2018-03-15,1.200
2018-03-28,1.400
2018-03-29,4.700
2018-03-30,8.900
2018-04-01,0.900
2018-04-04,23.200
2018-04-06,2.100
2018-04-07,0.100
2018-04-08,1.000
2018-04-12,7.900
2018-04-13,2.700
2018-04-14,0.900
2018-04-15,0.100
2018-04-16,8.200
2018-04-17,8.500
2018-04-19,0.400
2018-04-20,1.400
2018-04-25,7.000
2018-04-26,11.800
2018-04-27,0.500
2018-04-28,0.600
2018-04-29,17.000
2018-04-30,4.700
2018-05-01,0.500
2018-05-02,0.400
2018-05-03,11.100
2018-05-04,8.500
2018-05-05,0.400
2018-05-11,0.700
2018-05-15,5.300
2018-05-17,0.200
2018-05-19,4.700
2018-05-20,7.500
2018-05-22,0.800
2018-05-23,0.100
2018-05-26,1.400
2018-06-01,10.800
2018-06-04,12.500
2018-06-05,3.500
2018-06-06,0.400
2018-06-08,0.300
2018-06-13,12.900
2018-06-14,6.400
2018-06-18,26.400
2018-06-24,7.100
2018-06-25,5.300
2018-06-27,0.600
2018-06-28,3.300
2018-06-30,1.800
2018-07-01,1.500
2018-07-02,3.300
2018-07-05,6.200
2018-07-06,5.700
2018-07-10,4.300
2018-07-14,1.200
2018-07-15,0.400
2018-07-17,18.500
2018-07-22,1.000
2018-07-23,3.400
2018-07-25,12.900
2018-07-26,30.600
2018-07-27,7.500
2018-07-28,0.300
2018-08-04,0.600
2018-08-07,15.300
2018-08-08,8.200
2018-08-09,31.400
2018-08-14,10.400
2018-08-15,2.500
2018-08-17,10.100
2018-08-18,1.700
2018-08-22,6.600
2018-08-26,1.100
2018-08-28,1.900
2018-08-29,22.800
2018-08-30,6.100
2018-09-02,3.100
2018-09-03,9.800
2018-09-04,0.100
2018-09-05,0.100
2018-09-06,1.200
2018-09-07,0.100
2018-09-10,1.200
2018-09-11,11.500
2018-09-14,0.100
2018-09-21,24.400
2018-09-25,6.100
2018-09-26,25.100
2018-09-27,0.100
2018-09-28,1.900
2018-09-29,0.500
2018-09-30,1.000
2018-10-01,0.800
2018-10-02,13.800
2018-10-03,0.400
2018-10-04,2.000
2018-10-07,2.600
2018-10-08,5.100
2018-10-09,0.500
2018-10-10,1.900
2018-10-11,29.800
2018-10-15,7.400
2018-10-16,0.200
2018-10-17,1.300
2018-10-20,0.100
2018-10-23,11.900
2018-10-24,6.700
2018-10-27,5.400
2018-10-28,3.500
2018-10-29,0.200
2018-10-31,3.000
2018-11-01,2.200
2018-11-02,17.100
2018-11-03,21.600
2018-11-06,8.900
2018-11-07,0.600
2018-11-08,0.200
2018-11-09,8.000
2018-11-10,15.800
2018-11-13,11.700
2018-11-16,17.800
2018-11-17,2.800
2018-11-19,0.100
2018-11-20,2.900
2018-11-21,0.800
2018-11-25,4.000
2018-11-26,1.300
2018-11-27,9.200
2018-11-28,6.200
2018-12-02,6.900
2018-12-03,3.500
2018-12-05,0.300
2018-12-06,0.500
2018-12-07,0.100
2018-12-09,0.700
2018-12-14,2.500
2018-12-17,0.200
2018-12-20,0.700
2018-12-21,29.800
2018-12-22,1.800
2018-12-28,14.900
2018-12-29,3.300
2018-12-31,2.300
2019-01-01,17.500
2019-01-03,2.100
2019-01-06,1.300
2019-01-08,5.100
2019-01-09,5.100
2019-01-10,0.700
2019-01-16,0.200
2019-01-18,0.200
2019-01-19,0.100
2019-01-20,11.300
2019-01-23,6.800
2019-01-24,28.800
2019-01-25,0.300
2019-01-27,0.300
2019-01-29,3.200
2019-01-30,1.500
2019-02-02,1.000
2019-02-03,1.600
2019-02-04,1.100
2019-02-05,3.500
2019-02-06,2.400
2019-02-07,0.500
2019-02-08,1.300
2019-02-12,4.800
2019-02-13,7.400
2019-02-15,4.000
2019-02-21,8.400
2019-02-24,8.800
2019-02-25,0.900
2019-03-03,0.100
2019-03-04,0.600
2019-03-10,6.300
2019-03-11,3.200
2019-03-13,0.800
2019-03-15,4.700
2019-03-16,0.100
2019-03-21,1.500
2019-03-22,26.100
2019-03-23,2.000
2019-03-24,1.400
2019-03-28,0.100
2019-03-29,0.300
2019-03-30,0.100
2019-03-31,5.000
2019-04-03,1.000
2019-04-04,0.400
2019-04-06,3.200
2019-04-08,19.400
2019-04-09,7.000
2019-04-10,0.200
2019-04-13,0.300
2019-04-14,4.600
2019-04-15,6.600
2019-04-16,0.200
2019-04-19,4.900
2019-05-01,5.200
2019-05-02,1.300
2019-05-03,7.700
2019-05-04,0.600
2019-05-07,0.800
2019-05-10,43.000
2019-05-11,0.200
2019-05-14,9.900
2019-05-17,0.400
2019-05-18,0.700
2019-05-19,6.300
2019-05-20,14.600
2019-05-21,2.000
2019-05-23,35.700
2019-05-25,3.800
2019-05-26,1.600
2019-05-28,1.900
2019-05-30,0.300
2019-05-31,2.300
2019-06-02,30.800
2019-06-03,3.600
2019-06-05,0.400
2019-06-06,3.900
2019-06-11,17.400
2019-06-13,3.600
2019-06-14,2.200
2019-06-15,2.700
2019-06-16,0.400
2019-06-20,4.800
2019-06-21,0.600
2019-06-25,4.300
2019-06-27,0.100
2019-06-28,0.500
2019-06-30,0.200
2019-07-01,0.100
2019-07-06,12.000
2019-07-11,36.200
2019-07-12,0.700
2019-07-13,2.800
2019-07-17,0.300
2019-07-21,18.000
2019-07-28,0.700
2019-07-30,2.400
2019-07-31,4.400
2019-08-03,0.100
2019-08-06,1.300
2019-08-07,16.000
2019-08-08,6.800
2019-08-09,1.100
2019-08-10,4.700
2019-08-12,4.300
2019-08-13,0.100
2019-08-16,16.900
2019-08-17,8.700
2019-08-18,0.100
2019-08-19,1.500
2019-08-21,8.600
2019-08-22,0.900
2019-08-28,5.400
2019-08-29,5.200
2019-08-30,1.200
2019-09-01,0.400
2019-09-02,54.500
2019-09-03,2.100
2019-09-04,10.700
2019-09-07,0.900
2019-09-10,0.400
2019-09-11,2.400
2019-09-14,1.400
2019-09-17,0.300
2019-09-23,10.100
2019-09-24,1.500
2019-09-26,14.500
2019-09-27,0.200
2019-09-28,3.100
2019-10-01,21.000
2019-10-03,0.300
2019-10-04,6.800
2019-10-06,0.300
2019-10-07,17.300
2019-10-14,0.200
2019-10-16,0.800
2019-10-17,20.300
2019-10-18,0.300
2019-10-23,8.500
2019-10-24,0.100
2019-10-27,20.500
2019-10-28,0.800
2019-10-31,42.400
2019-11-01,41.300
2019-11-03,0.100
2019-11-05,7.300
2019-11-06,0.200
2019-11-07,6.100
2019-11-08,0.400
2019-11-10,0.100
2019-11-11,4.000
2019-11-12,9.700
2019-11-13,0.300
2019-11-14,1.300
2019-11-15,3.400
2019-11-19,0.900
2019-11-22,3.700
2019-11-24,0.900
2019-11-27,26.400
2019-11-28,4.900
2020-01-18,3.400
2020-01-19,6.300
2020-01-25,1.600
2020-01-26,3.900
2020-01-27,0.300
2020-02-03,0.100
2020-02-06,2.500
2020-02-07,9.600
2020-02-08,0.500
2020-02-09,0.300
2020-02-10,5.900
2020-02-13,1.300
2020-02-16,0.200
2020-02-17,0.200
2020-02-18,3.500
2020-02-19,1.000
2020-02-27,5.300
2020-02-28,1.200
2020-03-02,8.000
2020-03-03,6.800
2020-03-04,2.700
2020-03-06,0.500
2020-03-09,0.500
2020-03-10,9.100
2020-03-13,11.800
2020-03-17,2.300
2020-03-20,8.200
2020-03-23,0.900
2020-03-26,0.900
2020-03-29,24.700
2020-03-30,1.800
2020-04-02,14.900
2020-04-05,0.300
2020-04-09,26.700
2020-04-10,3.700
2020-04-13,10.900
2020-04-19,0.600
2020-04-20,0.300
2020-04-21,7.200
2020-04-30,1.600
2020-05-01,13.200
2020-05-03,0.300
2020-05-04,0.100
2020-05-05,0.200
2020-05-07,1.400
2020-05-08,2.000
2020-05-09,0.500
2020-05-11,15.700
2020-05-12,1.200
2020-05-15,22.700
2020-05-16,0.100
2020-05-29,9.300
2020-05-30,7.300
2020-05-31,0.500
2020-06-01,0.800
2020-06-06,9.600
2020-06-11,6.700
2020-06-12,0.400
2020-06-22,1.100
2020-06-24,21.300
2020-06-28,7.600
2020-06-29,16.400
2020-06-30,2.600
2020-07-01,1.300
2020-07-05,0.200
2020-07-08,28.700
2020-07-10,0.500
2020-07-11,13.700
2020-07-12,3.900
2020-07-14,0.100
2020-07-17,18.800
2020-07-19,0.200
2020-07-20,0.800
2020-07-23,0.300
2020-07-26,1.400
2020-07-27,15.600
2020-07-29,3.200
2020-07-30,23.500
2020-08-02,1.500
2020-08-03,2.500
2020-08-04,21.300
2020-08-05,2.100
2020-08-11,1.300
2020-08-18,0.900
2020-08-20,0.800
2020-08-21,11.000
2020-08-23,0.300
2020-08-24,19.000
2020-08-25,1.500
2020-08-29,22.800
2020-08-30,1.900
2020-09-02,4.500
2020-09-03,0.100
2020-09-04,0.400
2020-09-05,0.800
2020-09-09,0.700
2020-09-11,0.100
2020-09-13,4.300
2020-09-14,1.200
2020-09-17,0.400
2020-09-28,0.100
2020-09-29,6.600
2020-09-30,40.100
2020-10-02,8.000
2020-10-03,2.000
2020-10-04,0.100
2020-10-07,7.900
2020-10-10,6.200
2020-10-13,16.300
2020-10-14,0.700
2020-10-16,24.100
2020-10-17,19.500
2020-10-19,6.800
2020-10-20,6.000
2020-10-21,8.100
2020-10-24,2.400
2020-10-26,5.000
2020-10-27,0.500
2020-10-28,0.900
2020-11-01,1.400
2020-11-02,3.100
2020-11-03,2.400
2020-11-11,1.000
2020-11-13,0.500
2020-11-15,14.900
2020-11-16,1.400
2020-11-22,3.700
2020-11-23,9.500
2020-11-25,4.100
2020-11-26,1.900
2020-11-27,0.300
2020-11-28,0.600
2020-11-30,6.600
2020-12-01,10.700
2020-12-02,0.700
2020-12-04,1.500
2020-12-06,6.000
2020-12-07,0.100
2020-12-09,0.500
2020-12-10,0.400
2020-12-12,2.600
2020-12-13,2.700
2020-12-14,0.200
2020-12-15,0.200
2020-12-20,0.500
2020-12-22,0.400
2020-12-23,1.700
2020-12-25,11.800
2020-12-26,2.200
2020-12-28,0.100
2020-12-30,2.500
2020-12-31,1.100
2021-01-02,9.800
2021-01-04,0.200
2021-01-11,0.200
2021-01-12,0.400
2021-01-16,2.100
2021-01-17,4.100
2021-01-20,0.100
2021-01-21,1.100
2021-01-22,0.800
2021-01-26,0.400
2021-01-27,0.500
2021-01-28,0.100
2021-02-02,0.600
2021-02-05,2.800
2021-02-06,0.300
2021-02-07,0.600
2021-02-09,0.300
2021-02-16,11.400
2021-02-19,0.200
2021-02-20,0.300
2021-02-22,1.100
2021-02-23,0.300
2021-02-24,5.700
2021-02-25,0.400
2021-02-27,3.500
2021-03-01,2.900
2021-03-03,0.700
2021-04-15,0.900
2021-04-16,6.600
2021-04-17,0.400
2021-04-19,3.200
2021-04-20,0.600
2021-04-21,6.300
2021-04-22,0.500
2021-04-25,3.700
2021-04-26,0.100
2021-04-28,2.000
2021-04-29,0.800
2021-04-30,42.000
2021-05-01,1.900
2021-05-05,17.400
2021-05-06,0.600
2021-05-11,4.400
2021-05-12,0.300
2021-05-14,1.000
2021-05-16,5.300
2021-05-23,2.300
2021-05-26,4.600
2021-05-30,2.500
2021-05-31,10.100
2021-06-01,0.200
2021-06-03,12.600
2021-06-05,3.600
2021-06-14,2.600
2021-06-15,2.800
2021-06-19,5.500
2021-06-21,4.600
2021-06-22,4.200
2021-06-26,5.900
2021-06-28,1.000
2021-06-29,0.200
2021-06-30,0.600
2021-07-01,0.500
2021-07-02,0.200
2021-07-03,0.100
2021-07-04,0.200
2021-07-05,0.100
2021-07-06,0.100
2021-07-07,0.100
2021-07-08,0.100
2021-07-09,0.100
2021-07-11,0.100
2021-07-13,0.100
2021-07-16,5.100
2021-07-18,5.100
2021-07-21,3.100
2021-07-22,0.400
2021-07-25,6.000
2021-07-26,11.700
2021-07-27,0.400
2021-07-29,0.700
2021-08-01,3.400
2021-08-02,9.500
2021-08-07,6.700
2021-08-11,8.200
2021-08-13,0.100
2021-08-14,20.200
2021-08-18,6.900
2021-08-21,6.300
2021-08-23,0.300
2021-08-28,0.400
2021-08-29,2.600
2021-08-30,16.000
2021-09-05,0.100
2021-09-06,3.400
2021-09-08,29.100
2021-09-09,0.100
2021-09-12,0.800
2021-09-15,6.500
2021-09-18,1.400
2021-09-24,12.500
2021-09-27,11.800
2021-09-29,2.300
2021-09-30,0.600
2021-10-01,0.300
2021-10-02,6.900
2021-10-07,0.100
2021-10-12,0.100
2021-10-14,0.300
2021-10-16,15.800
2021-10-17,1.900
2021-10-18,2.600
2021-10-19,0.500
2021-10-21,3.200
2021-10-22,4.400
2021-10-25,1.000
2021-10-30,5.900
2021-10-31,34.600
2021-11-01,1.000
2021-11-18,7.700
2021-11-21,4.100
2021-11-22,0.400
2021-11-25,0.800
2021-11-26,6.800
2021-11-27,0.300
2021-12-01,0.200
2021-12-02,4.300
2021-12-03,0.300
2021-12-06,20.100
2021-12-08,0.100
2021-12-09,0.600
2021-12-10,0.100
2021-12-11,10.300
2021-12-15,1.700
2021-12-16,4.000
2021-12-18,5.100
2021-12-19,1.400
2021-12-21,0.200
2021-12-25,1.100
2021-12-26,0.300
2021-12-27,0.200
2021-12-28,0.400
2021-12-30,0.100
2021-12-31,0.900
2022-01-01,1.400
2022-01-02,5.700
2022-01-05,0.100
2022-01-07,0.600
2022-01-09,0.600
2022-01-12,0.200
2022-01-13,0.800
2022-01-14,0.300
2022-01-17,5.100
2022-01-19,1.700
2022-01-25,0.200
2022-01-28,0.100
2022-02-02,0.200
2022-02-03,7.600
2022-02-04,3.600
2022-02-05,0.900
2022-02-06,1.100
2022-02-07,1.500
2022-02-08,0.400
2022-02-10,1.100
2022-02-12,1.400
2022-02-17,29.800
2022-02-18,10.800
2022-02-19,1.700
2022-02-22,16.000
2022-02-23,1.800
2022-02-25,1.900
2022-02-26,0.100
2022-02-27,0.600
2022-03-01,2.000
2022-03-02,0.700
2022-03-03,1.400
2022-03-06,6.900
2022-03-07,8.700
2022-03-08,0.500
2022-03-12,10.400
2022-03-14,1.000
2022-03-15,1.300
2022-03-19,6.500
2022-03-20,4.200
2022-03-24,12.600
2022-03-25,7.400
2022-03-26,0.100
2022-03-30,1.200
2022-03-31,12.900
2022-04-01,1.800
2022-04-07,17.200
2022-04-08,11.300
2022-04-09,11.400
2022-04-11,0.500
2022-04-12,7.300
2022-04-13,24.600
2022-04-14,15.300
2022-04-15,2.200
2022-04-16,13.600
2022-04-19,6.900
2022-04-20,2.200
2022-04-21,2.600
2022-04-22,2.500
2022-04-26,3.500
2022-04-27,10.200
2022-05-04,10.500
2022-05-15,12.900
2022-05-16,12.500
2022-05-17,11.800
2022-05-18,0.900
2022-05-19,9.700
2022-05-21,8.500
2022-05-22,14.100
2022-05-26,0.200
2022-05-27,27.300
2022-05-28,15.500
2022-06-01,2.400
2022-06-02,8.800
2022-06-03,7.900
2022-06-04,0.500
2022-06-05,0.200
2022-06-07,6.900
2022-06-08,8.000
2022-06-09,12.300
2022-06-10,1.500
2022-06-12,0.100
2022-06-13,0.200
2022-06-16,14.000
2022-06-17,11.700
2022-06-18,7.700
2022-06-23,2.800
2022-06-27,12.500
2022-06-29,11.700
2022-06-30,0.900
2022-07-02,3.400
2022-07-03,0.100
2022-07-05,9.300
2022-07-06,2.700
2022-07-08,7.600
2022-07-12,13.200
2022-07-13,0.100
2022-07-14,9.400
2022-07-15,0.100
2022-07-18,25.800
2022-07-19,5.100
2022-07-21,11.600
2022-07-24,3.400
2022-07-25,21.900
2022-07-28,3.000
2022-07-29,0.100
2022-08-02,4.900
2022-08-05,2.400
2022-08-07,4.000
2022-08-08,35.000
2022-08-09,28.000
2022-08-10,0.400
2022-08-11,3.500
2022-08-16,0.600
2022-08-17,3.200
2022-08-18,18.000
2022-08-19,0.600
2022-08-21,0.500
2022-08-23,6.400
2022-08-24,3.200
2022-08-25,0.600
2022-08-26,2.600
2022-08-28,0.100
2022-08-30,3.400
2022-08-31,5.800
2022-09-01,0.300
2022-09-04,0.400
2022-09-05,10.400
2022-09-06,0.100
2022-09-08,0.100
2022-09-12,0.800
2022-09-13,20.400
2022-09-14,3.000
2022-09-18,19.900
2022-09-19,29.300
2022-09-20,9.200
2022-09-21,0.400
2022-09-22,29.100
2022-09-25,3.500
2022-09-26,10.500
2022-09-27,1.700
2022-09-28,1.500
2022-10-07,4.500
2022-10-09,3.200
2022-10-13,9.800
2022-10-14,41.400
2022-10-15,0.200
2022-10-18,9.800
2022-10-24,0.400
2022-10-26,1.000
2022-10-27,1.800
2022-11-01,0.400
2022-11-06,31.900
2022-11-07,0.100
2022-11-11,16.000
2022-11-12,15.200
2022-11-13,2.600
2022-11-16,12.100
2022-11-17,0.100
2022-11-18,0.900
2022-11-19,0.700
2022-11-22,0.100
2022-11-23,0.100
2022-11-25,1.700
2022-11-27,6.700
2022-11-28,0.900
2022-11-30,17.600
2022-12-03,8.000
2022-12-06,8.900
2022-12-07,12.600
2022-12-16,1.300
2022-12-17,11.300
2022-12-18,0.100
2022-12-22,0.300
2022-12-23,22.100
2022-12-26,0.400
2022-12-27,0.200
2022-12-28,0.500
2022-12-30,0.100
2022-12-31,1.800
2023-01-01,5.600
2023-01-02,0.500
2023-01-04,3.300
2023-01-05,13.600
2023-01-06,0.400
2023-01-07,0.100
2023-01-09,0.900
2023-01-10,0.100
2023-01-12,5.900
2023-01-13,22.500
2023-01-16,1.200
2023-01-18,3.500
2023-01-20,1.100
2023-01-23,0.400
2023-01-24,0.400
2023-01-25,5.900
2023-01-26,8.600
2023-01-28,0.500
2023-01-29,4.200
2023-01-30,0.200
2023-01-31,0.200
2023-02-02,0.800
2023-02-03,0.100
2023-02-07,0.300
2023-02-08,0.200
2023-02-09,14.700
2023-02-10,3.500
2023-02-11,0.200
2023-02-15,0.600
2023-02-17,9.100
2023-02-20,0.900
2023-02-21,0.900
2023-02-22,0.100
2023-02-23,1.800
2023-02-26,0.100
2023-02-28,6.000
2023-03-01,1.100
2023-03-02,3.300
2023-03-04,8.300
2023-03-07,0.300
2023-03-14,5.700
2023-03-15,3.000
2023-03-16,0.100
2023-03-17,10.200
2023-03-18,0.200
2023-03-23,7.000
2023-03-25,4.000
2023-03-26,4.200
2023-03-29,0.500
2023-03-30,0.300
2023-03-31,2.000
2023-04-01,7.700
2023-04-05,27.500
2023-04-17,12.600
2023-04-18,2.400
2023-04-23,23.900
2023-04-24,4.500
2023-04-25,10.300
2023-04-26,0.200
2023-04-27,4.000
2023-04-29,1.600
2023-04-30,2.300
2023-05-01,15.000
2023-05-02,3.400
2023-05-03,2.600
2023-05-04,0.100
2023-05-12,2.100
2023-05-16,6.100
2023-05-17,0.100
2023-05-20,2.000
2023-05-21,3.800
2023-05-24,5.800
2023-06-06,4.200
2023-06-07,5.200
2023-06-08,13.100
2023-06-09,2.200
2023-06-10,1.800
2023-06-11,0.100
2023-06-13,19.800
2023-06-14,2.000
2023-06-15,0.800
2023-06-16,2.700
2023-06-17,10.300
2023-06-18,1.400
2023-06-24,40.300
2023-06-25,0.700
2023-06-26,4.800
2023-06-27,6.000
2023-06-28,27.700
2023-06-29,1.100
2023-07-01,0.600
2023-07-02,16.400
2023-07-04,0.200
2023-07-07,11.500
2023-07-08,9.700
2023-07-09,6.400
2023-07-10,54.700
2023-07-11,4.500
2023-07-13,4.400
2023-07-14,0.400
2023-07-15,3.100
2023-07-16,32.000
2023-07-18,11.100
2023-07-21,20.100
2023-07-22,2.600
2023-07-23,0.100
2023-07-24,0.400
2023-07-27,22.500
2023-07-28,0.700
2023-07-29,5.800
2023-07-30,4.200
2023-07-31,1.700
2023-08-03,8.600
2023-08-04,10.900
2023-08-05,0.200
2023-08-07,5.000
2023-08-08,19.900
2023-08-09,1.600
2023-08-10,17.700
2023-08-11,4.200
2023-08-12,3.200
2023-08-13,3.400
2023-08-16,13.000
2023-08-18,3.400
2023-08-19,7.400
2023-08-20,1.200
2023-08-21,0.200
2023-08-23,0.100
2023-08-24,0.500
2023-08-25,2.600
2023-08-26,9.800
2023-08-28,0.100
2023-08-29,3.300
2023-08-30,14.600
2023-09-01,0.100
2023-09-02,0.100
2023-09-04,0.100
2023-09-07,16.300
2023-09-08,5.800
2023-09-10,20.500
2023-09-11,0.700
2023-09-13,7.300
2023-09-14,0.100
2023-09-18,5.900
2023-09-19,26.600
2023-09-22,0.100
2023-09-23,0.100
2023-09-24,0.100
2023-09-27,0.100
2023-09-28,0.200
2023-09-29,0.200
2023-10-01,0.100
2023-10-02,0.100
2023-10-03,0.300
2023-10-04,0.100
2023-10-05,0.200
2023-10-07,20.400
2023-10-08,9.100
2023-10-11,0.500
2023-10-12,2.300
2023-10-13,0.200
2023-10-14,1.600
2023-10-15,1.000
2023-10-16,3.000
2023-10-17,0.300
2023-10-18,0.100
2023-10-20,1.200
2023-10-21,25.300
2023-10-22,21.200
2023-10-23,0.900
2023-10-24,0.100
2023-10-25,1.900
2023-10-26,2.300
2023-10-27,1.400
2023-10-28,0.200
2023-10-30,16.000
2023-11-01,0.100
2023-11-04,0.600
2023-11-06,1.400
2023-11-07,8.700
2023-11-09,2.900
2023-11-10,2.700
2023-11-14,0.500
2023-11-17,10.400
2023-11-18,2.700
2023-11-19,2.600
2023-11-20,0.100
2023-11-21,0.900
2023-11-22,22.000
2023-11-23,0.100
2023-11-24,0.200
2023-11-26,1.300
2023-11-27,35.700
2023-11-28,0.300
2023-12-01,5.700
2023-12-02,3.700
2023-12-03,9.700
2023-12-04,22.500
2023-12-05,1.000
2023-12-09,0.400
2023-12-10,11.700
2023-12-11,16.700
2023-12-12,0.300
2023-12-13,0.400
2023-12-17,0.700
2023-12-18,23.900
2023-12-19,2.700
2023-12-26,0.200
2023-12-27,1.800
2023-12-28,1.400
2023-12-29,8.800
2023-12-30,0.900
2024-01-04,0.900
2024-01-06,0.300
2024-01-07,4.300
2024-01-08,0.100
2024-01-09,2.000
2024-01-10,9.000
2024-01-11,0.100
2024-01-13,4.000
2024-01-14,1.300
2024-01-16,1.800
2024-01-24,3.100
2024-01-25,5.300
2024-01-26,7.300
2024-02-01,1.200
2024-02-02,0.300
2024-02-09,0.100
2024-02-10,1.500
2024-02-16,0.500
2024-02-18,0.700
2024-02-19,0.100
2024-02-28,6.000
2024-02-29,0.100
2024-03-02,1.000
2024-03-04,0.100
2024-03-05,2.500
2024-03-06,22.600
2024-03-07,0.500
2024-03-09,10.000
2024-03-10,24.500
2024-03-11,0.100
2024-03-15,0.300
2024-03-16,0.300
2024-03-17,5.900
2024-03-19,0.100
2024-03-20,1.300
2024-03-21,0.200
2024-03-23,15.100
2024-03-24,0.300
2024-03-25,0.500
2024-03-27,1.800
2024-03-28,0.400
2024-04-03,0.600
2024-04-04,17.800
2024-04-05,4.800
2024-04-06,0.600
2024-04-10,3.700
2024-04-11,1.400
2024-04-12,9.900
2024-04-13,1.700
2024-04-14,0.700
2024-04-15,0.100
2024-04-16,1.100
2024-04-18,0.300
2024-04-20,1.800
2024-04-22,0.200
2024-04-24,6.000
2024-04-27,0.300
2024-04-28,4.800
2024-04-30,12.000
2024-05-02,14.500
2024-05-03,0.100
2024-05-05,11.300
2024-05-06,0.100
2024-05-08,7.300
2024-05-09,2.500
2024-05-14,8.700
2024-05-15,9.700
2024-05-16,1.400
2024-05-18,4.700
2024-05-21,0.200
2024-05-22,0.100
2024-05-23,0.100
2024-05-26,0.700
2024-05-27,7.500
2024-05-28,4.300
2024-06-06,3.600
2024-06-07,13.700
2024-06-08,13.000
2024-06-09,0.500
2024-06-10,3.500
2024-06-13,0.700
2024-06-14,0.600
2024-06-17,0.100
2024-06-18,0.600
2024-06-20,4.200
2024-06-23,28.900
2024-06-24,8.800
2024-06-26,4.100
2024-06-27,8.300
2024-06-29,20.800
2024-06-30,13.300
2024-07-04,1.700
2024-07-06,15.200
2024-07-10,30.400
2024-07-11,6.100
2024-07-13,0.200
2024-07-15,0.400
2024-07-16,18.100
2024-07-17,2.700
2024-07-18,0.100
2024-07-20,0.500
2024-07-21,0.200
2024-07-23,8.700
2024-07-24,0.200
2024-07-25,0.800
2024-07-26,0.200
2024-07-27,0.100
2024-07-30,8.000
2024-07-31,23.700
2024-08-01,1.400
2024-08-04,1.300
2024-08-05,12.300
2024-08-08,0.300
2024-08-09,74.800
2024-08-10,0.200
2024-08-12,2.700
2024-08-13,1.300
2024-08-14,0.200
2024-08-18,0.500
2024-08-19,32.700
2024-08-20,18.700
2024-08-21,3.600
2024-08-22,3.400
2024-08-23,0.100
2024-08-24,0.100
2024-08-25,0.300
2024-08-26,0.100
2024-08-27,0.100
2024-08-28,11.700
2024-08-29,0.100
2024-08-31,4.100
2024-09-01,10.200
2024-09-02,0.200
2024-09-05,0.100
2024-09-07,6.500
2024-09-08,1.500
2024-09-10,0.200
2024-09-12,0.100
2024-09-14,0.100
2024-09-15,0.100
2024-09-16,0.100
2024-09-17,0.100
2024-09-18,0.200
2024-09-25,6.700
2024-09-26,18.200
2024-09-28,0.100
2024-09-29,0.100
2024-09-30,0.100
2024-10-03,0.400
2024-10-04,6.500
2024-10-05,4.700
2024-10-06,0.300
2024-10-07,8.700
2024-10-08,0.500
2024-10-09,1.000
2024-10-10,0.100
2024-10-11,0.600
2024-10-12,4.900
2024-10-14,20.800
2024-10-15,3.400
2024-10-16,0.500
2024-10-23,1.800
2024-10-24,0.100
2024-10-26,1.000
2024-10-29,0.400
2024-10-30,3.100
2024-11-01,6.100
2024-11-04,5.100
2024-11-05,0.100
2024-11-06,0.100
2024-11-07,0.100
2024-11-08,1.100
2024-11-10,0.900
2024-11-11,13.700
2024-11-12,2.700
2024-11-18,1.000
2024-11-22,0.100
2024-11-23,10.700
2024-11-24,1.600
2024-11-26,11.500
2024-11-27,0.100
2024-11-28,6.400
2024-11-29,1.000
2024-11-30,0.300
2024-12-01,1.000
2024-12-02,0.600
2024-12-04,0.500
2024-12-05,2.600
2024-12-06,0.100
2024-12-08,4.800
2024-12-09,2.000
2024-12-10,0.100
2024-12-11,43.200
2024-12-12,3.000
2024-12-17,6.500
2024-12-18,4.300
2024-12-19,0.900
2024-12-20,0.400
2024-12-23,1.100
2024-12-24,2.900
2024-12-29,2.900
2024-12-30,7.000
2024-12-31,0.500