id,x,y,estimation,variance
1,181922.790326,5038761.418214,3.1004023857178487,5.464892590558375
2,181922.790326,5038261.418214,3.1004023857178487,5.464892590558375
3,181922.790326,5037761.418214,3.1004023857178487,5.464892590558375
4,181922.790326,5037261.418214,3.1004023857178487,5.464892590558375
5,181922.790326,5036761.418214,3.1004023857178487,5.464892590558375
6,181922.790326,5036261.418214,3.1004023857178487,5.464892590558375
7,181922.790326,5035761.418214,3.1004023857178487,5.464892590558375
8,181922.790326,5035261.418214,3.1004023857178487,5.464892590558375
9,181922.790326,5034761.418214,3.1004023857178487,5.464892590558375
10,181922.790326,5034261.418214,3.1004023857178487,5.464892590558375
11,181922.790326,5033761.418214,3.1004023857178487,5.464892590558375
12,181922.790326,5033261.418214,3.1004023857178487,5.464892590558375
13,181922.790326,5032761.418214,3.1004023857178487,5.464892590558375
14,181922.790326,5032261.418214,3.1004023857178487,5.464892590558375
15,181922.790326,5031761.418214,3.1004023857178487,5.464892590558375
16,181922.790326,5031261.418214,3.1000445102344374,5.464760721851048
17,181922.790326,5030761.418214,3.091598010902491,5.4615834892188815
18,181922.790326,5030261.418214,3.077406352072611,5.455964798233886
19,181922.790326,5029761.418214,3.064607569733582,5.450596113446422
20,181922.790326,5029261.418214,3.058906933485622,5.448112847686543
21,181922.790326,5028761.418214,3.062808625345955,5.449818596729878
22,181922.790326,5028261.418214,3.0745984745618533,5.454811463170355
23,181922.790326,5027761.418214,3.0890568980780917,5.4606032597613705
24,181922.790326,5027261.418214,3.0991988623823867,5.46444823233422
25,181922.790326,5026761.418214,3.1004023857178487,5.464892590558375
26,181922.790326,5026261.418214,3.0983191407582575,5.464048040148412
27,181922.790326,5025761.418214,3.083991972305328,5.45799367811488
28,181922.790326,5025261.418214,3.06214901572396,5.447936297776168
29,181922.790326,5024761.418214,3.0406748188509445,5.437075014991764
30,181922.790326,5024261.418214,3.027292345292537,5.429818108897039
31,181922.790326,5023761.418214,3.0271917086873423,5.42976211640561
32,181922.790326,5023261.418214,3.040413489210264,5.436936893190976
33,181922.790326,5022761.418214,3.061824825402307,5.447779505058303
34,182422.790326,5038761.418214,3.1004023857178487,5.464892590558375
35,182422.790326,5038261.418214,3.1004023857178487,5.464892590558375
36,182422.790326,5037761.418214,3.1004023857178487,5.464892590558375
37,182422.790326,5037261.418214,3.1004023857178487,5.464892590558375
38,182422.790326,5036761.418214,3.1004023857178487,5.464892590558375
39,182422.790326,5036261.418214,3.1004023857178487,5.464892590558375
40,182422.790326,5035761.418214,3.1004023857178487,5.464892590558375
41,182422.790326,5035261.418214,3.1004023857178487,5.464892590558375
42,182422.790326,5034761.418214,3.1004023857178487,5.464892590558375
43,182422.790326,5034261.418214,3.1004023857178487,5.464892590558375
44,182422.790326,5033761.418214,3.1004023857178487,5.464892590558375
45,182422.790326,5033261.418214,3.1004023857178487,5.464892590558375
46,182422.790326,5032761.418214,3.1004023857178487,5.464892590558375
47,182422.790326,5032261.418214,3.1004023857178487,5.464892590558375
48,182422.790326,5031761.418214,3.1002987201529564,5.464854415230288
49,182422.790326,5031261.418214,3.089146267489805,5.460637925051073
50,182422.790326,5030761.418214,3.0649059413612183,5.450724525721681
51,182422.790326,5030261.418214,3.036061058146529,5.437591789183481
52,182422.790326,5029761.418214,3.0120466923128126,5.425550596954602
53,182422.790326,5029261.418214,3.001533982396694,5.4199626030645875
54,182422.790326,5028761.418214,3.0087232586220414,5.423804887941301
55,182422.790326,5028261.418214,3.030711073017502,5.43499635828538
56,182422.790326,5027761.418214,3.0593697449322024,5.448316569350847
57,182422.790326,5027261.418214,3.085208238944718,5.459097186383575
58,182422.790326,5026761.418214,3.0992965255704896,5.464477077374273
59,182422.790326,5026261.418214,3.0870437257156422,5.459319304020594
60,182422.790326,5025761.418214,3.058225450359962,5.446023906059607
61,182422.790326,5025261.418214,3.0213047857203175,5.426449836429369
62,182422.790326,5024761.418214,2.9858683411910496,5.404978682529641
63,182422.790326,5024261.418214,2.963385958533572,5.389993434495729
64,182422.790326,5023761.418214,2.963214677768039,5.389875208668241
65,182422.790326,5023261.418214,2.985433914762276,5.404699149077748
66,182422.790326,5022761.418214,3.0207698846025925,5.426145278411432
67,182922.790326,5038761.418214,3.1004023857178487,5.464892590558375
68,182922.790326,5038261.418214,3.1004023857178487,5.464892590558375
69,182922.790326,5037761.418214,3.1004023857178487,5.464892590558375
70,182922.790326,5037261.418214,3.1004023857178487,5.464892590558375
71,182922.790326,5036761.418214,3.1004023857178487,5.464892590558375
72,182922.790326,5036261.418214,3.1004023857178487,5.464892590558375
73,182922.790326,5035761.418214,3.1004023857178487,5.464892590558375
74,182922.790326,5035261.418214,3.1004023857178487,5.464892590558375
75,182922.790326,5034761.418214,3.1004023857178487,5.464892590558375
76,182922.790326,5034261.418214,3.1004023857178487,5.464892590558375
77,182922.790326,5033761.418214,3.1004023857178487,5.464892590558375
78,182922.790326,5033261.418214,3.1004023857178487,5.464892590558375
79,182922.790326,5032761.418214,3.1004023857178487,5.464892590558375
80,182922.790326,5032261.418214,3.1004023857178487,5.464892590558375
81,182922.790326,5031761.418214,3.0947478772443104,5.462782901110888
82,182922.790326,5031261.418214,3.0687175758194063,5.452351294494486
83,182922.790326,5030761.418214,3.0282004172739687,5.433761145144063
84,182922.790326,5030261.418214,2.9823872797756006,5.409289676825109
85,182922.790326,5029761.418214,2.9435103401688383,5.3856500235389015
86,182922.790326,5029261.418214,2.9259098058485713,5.374080328928301
87,182922.790326,5028761.418214,2.9379955592315152,5.382083050281925
88,182922.790326,5028261.418214,2.973839621286084,5.40431838769953
89,182922.790326,5027761.418214,3.0193699552503097,5.429329267358896
90,182922.790326,5027261.418214,3.0617171670458014,5.449344107578477
91,182922.790326,5026761.418214,3.0873045340175427,5.459850862137322
92,182922.790326,5026261.418214,3.0719790972881,5.452586073705566
93,182922.790326,5025761.418214,3.0298120769362553,5.431213133283503
94,182922.790326,5025261.418214,2.9770782171384202,5.399245759673317
95,182922.790326,5024761.418214,2.923960193021452,5.361159965048565
96,182922.790326,5024261.418214,2.8871878070294374,5.331334006868403
97,182922.790326,5023761.418214,2.8868929576408133,5.331083415255605
98,182922.790326,5023261.418214,2.923279262159337,5.3606333891954945
99,182922.790326,5022761.418214,2.9763026804721533,5.398732188924099
100,183422.790326,5038761.418214,3.1004023857178487,5.464892590558375
101,183422.790326,5038261.418214,3.1004023857178487,5.464892590558375
102,183422.790326,5037761.418214,3.1004023857178487,5.464892590558375
103,183422.790326,5037261.418214,3.1004023857178487,5.464892590558375
104,183422.790326,5036761.418214,3.1004023857178487,5.464892590558375
105,183422.790326,5036261.418214,3.1004023857178487,5.464892590558375
106,183422.790326,5035761.418214,3.1004023857178487,5.464892590558375
107,183422.790326,5035261.418214,3.1004023857178487,5.464892590558375
108,183422.790326,5034761.418214,3.1004023857178487,5.464892590558375
109,183422.790326,5034261.418214,3.1004023857178487,5.464892590558375
110,183422.790326,5033761.418214,3.1004023857178487,5.464892590558375
111,183422.790326,5033261.418214,3.1004023857178487,5.464892590558375
112,183422.790326,5032761.418214,3.1004023857178487,5.464892590558375
113,183422.790326,5032261.418214,3.100380091215573,5.464884382086971
114,183422.790326,5031761.418214,3.085492570238303,5.459209336487155
115,183422.790326,5031261.418214,3.046999253284498,5.442742745380837
116,183422.790326,5030761.418214,2.9913597132594045,5.41437083395431
117,183422.790326,5030261.418214,2.9269318295684377,5.374766941220141
118,183422.790326,5029761.418214,2.8672786814635187,5.331638835975262
119,183422.790326,5029261.418214,2.837062282793988,5.307423219811529
120,183422.790326,5028761.418214,2.858115441802038,5.324463705394646
121,183422.790326,5028261.418214,2.91437326627004,5.366203459995298
122,183422.790326,5027761.418214,2.9791964608029087,5.407448823410984
123,183422.790326,5027261.418214,3.0372954292862673,5.438183525402295
124,183422.790326,5026761.418214,3.071350297918494,5.453487729308339
125,183422.790326,5026261.418214,3.059021452500127,5.446515504780158
126,183422.790326,5025761.418214,3.0078441944371077,5.4186036226004655
127,183422.790326,5025261.418214,2.941645997579092,5.374496691307098
128,183422.790326,5024761.418214,2.868642615289668,5.315218222692722
129,183422.790326,5024261.418214,2.806136761194435,5.255597550574833
130,183422.790326,5023761.418214,2.8055347969179607,5.254983607238734
131,183422.790326,5023261.418214,2.8676220076654944,5.314310411285328
132,183422.790326,5022761.418214,2.9406426286981144,5.3737575799997055
133,183922.790326,5038761.418214,3.1004023857178487,5.464892590558375
134,183922.790326,5038261.418214,3.1004023857178487,5.464892590558375
135,183922.790326,5037761.418214,3.1004023857178487,5.464892590558375
136,183922.790326,5037261.418214,3.1004023857178487,5.464892590558375
137,183922.790326,5036761.418214,3.1004023857178487,5.464892590558375
138,183922.790326,5036261.418214,3.1004023857178487,5.464892590558375
139,183922.790326,5035761.418214,3.1004023857178487,5.464892590558375
140,183922.790326,5035261.418214,3.1004023857178487,5.464892590558375
141,183922.790326,5034761.418214,3.1004023857178487,5.464892590558375
142,183922.790326,5034261.418214,3.1004023857178487,5.464892590558375
143,183922.790326,5033761.418214,3.1004023857178487,5.464892590558375
144,183922.790326,5033261.418214,3.1004023857178487,5.464892590558375
145,183922.790326,5032761.418214,3.1004023857178487,5.464892590558375
146,183922.790326,5032261.418214,3.0996151365875515,5.464602212771566
147,183922.790326,5031761.418214,3.0784045309860506,5.456371484670476
148,183922.790326,5031261.418214,3.0320947462854235,5.435672406994047
149,183922.790326,5030761.418214,2.965991648939853,5.399641746837195
150,183922.790326,5030261.418214,2.8859621130380506,5.345814584928339
151,183922.790326,5029761.418214,2.800509346009065,5.275999643155558
152,183922.790326,5029261.418214,2.740245313820521,5.219100692183612
153,183922.790326,5028761.418214,2.7847495347130278,5.2617319053972755
154,183922.790326,5028261.418214,2.8693865595807644,5.3332686440646615
155,183922.790326,5027761.418214,2.9513107051632237,5.390604681238854
156,183922.790326,5027261.418214,3.0206144670199047,5.42996210791559
157,183922.790326,5026761.418214,3.0612122746218313,5.449316581962435
158,183922.790326,5026261.418214,3.052965787131982,5.443780213432345
159,183922.790326,5025761.418214,3.000395798478838,5.414098912886211
160,183922.790326,5025261.418214,2.929157301186623,5.365147003344218
161,183922.790326,5024761.418214,2.8465391642841307,5.295069823676999
162,183922.790326,5024261.418214,2.7573499413541835,5.2033791742724835
163,183922.790326,5023761.418214,2.7560767276068825,5.201949688232288
164,183922.790326,5023261.418214,2.8453161080727662,5.293925083300012
165,183922.790326,5022761.418214,2.928061490497544,5.364311040370058
166,184422.790326,5038761.418214,3.1004023857178487,5.464892590558375
167,184422.790326,5038261.418214,3.1004023857178487,5.464892590558375
168,184422.790326,5037761.418214,3.1004023857178487,5.464892590558375
169,184422.790326,5037261.418214,3.1004023857178487,5.464892590558375
170,184422.790326,5036761.418214,3.1004023857178487,5.464892590558375
171,184422.790326,5036261.418214,3.1004023857178487,5.464892590558375
172,184422.790326,5035761.418214,3.1004023857178487,5.464892590558375
173,184422.790326,5035261.418214,3.1004023857178487,5.464892590558375
174,184422.790326,5034761.418214,3.1004023857178487,5.464892590558375
175,184422.790326,5034261.418214,3.1004023857178487,5.464892590558375
176,184422.790326,5033761.418214,3.1004023857178487,5.464892590558375
177,184422.790326,5033261.418214,3.1004023857178487,5.464892590558375
178,184422.790326,5032761.418214,3.1004023857178487,5.464892590558375
179,184422.790326,5032261.418214,3.0994199436519527,5.464530048277364
180,184422.790326,5031761.418214,3.077290054062309,5.455917302015508
181,184422.790326,5031261.418214,3.0298142282226297,5.434556384207075
182,184422.790326,5030761.418214,2.9620689255256822,5.397263885573735
183,184422.790326,5030261.418214,2.879292229354928,5.340823844520395
184,184422.790326,5029761.418214,2.787578390597569,5.264324858543002
185,184422.790326,5029261.418214,2.708514046989584,5.186593871818237
186,184422.790326,5028761.418214,2.7695180772891432,5.247530568608307
187,184422.790326,5028261.418214,2.861921338624133,5.327461646012227
188,184422.790326,5027761.418214,2.9469734646675203,5.387862848313136
189,184422.790326,5027261.418214,3.0180627848146764,5.428661653821791
190,184422.790326,5026761.418214,3.0621487451857887,5.449703766732472
191,184422.790326,5026261.418214,3.058235613217865,5.446409831554836
192,184422.790326,5025761.418214,3.0105129559935366,5.420189398139701
193,184422.790326,5025261.418214,2.946051126812484,5.3777167011665465
194,184422.790326,5024761.418214,2.876011286175514,5.321707809493851
195,184422.790326,5024261.418214,2.8186705659805646,5.268208438200174
196,184422.790326,5023761.418214,2.8181441955411866,5.267685446463472
197,184422.790326,5023261.418214,2.875047160183253,5.320865167449752
198,184422.790326,5022761.418214,2.945078613674515,5.377009319235063
199,184922.790326,5038761.418214,3.1004023857178487,5.464892590558375
200,184922.790326,5038261.418214,3.1004023857178487,5.464892590558375
201,184922.790326,5037761.418214,3.1004023857178487,5.464892590558375
202,184922.790326,5037261.418214,3.1004023857178487,5.464892590558375
203,184922.790326,5036761.418214,3.1004023857178487,5.464892590558375
204,184922.790326,5036261.418214,3.1004023857178487,5.464892590558375
205,184922.790326,5035761.418214,3.1004023857178487,5.464892590558375
206,184922.790326,5035261.418214,3.1004023857178487,5.464892590558375
207,184922.790326,5034761.418214,3.1004023857178487,5.464892590558375
208,184922.790326,5034261.418214,3.1004023857178487,5.464892590558375
209,184922.790326,5033761.418214,3.1004023857178487,5.464892590558375
210,184922.790326,5033261.418214,3.1004023857178487,5.464892590558375
211,184922.790326,5032761.418214,3.1004023857178487,5.464892590558375
212,184922.790326,5032261.418214,3.1001947557724665,5.464816111024705
213,184922.790326,5031761.418214,3.0827246215323134,5.458111562614662
214,184922.790326,5031261.418214,3.0410800106696945,5.439981212608962
215,184922.790326,5030761.418214,2.9813286046796628,5.408680873755269
216,184922.790326,5030261.418214,2.911112900661373,5.363935261737693
217,184922.790326,5029761.418214,2.8432508188801666,5.312512514037159
218,184922.790326,5029261.418214,2.8063489212423263,5.281176282424476
219,184922.790326,5028761.418214,2.832333570600528,5.3034893970567705
220,184922.790326,5028261.418214,2.8971511011540776,5.354012368664202
221,184922.790326,5027761.418214,2.9681997704899503,5.400968306252074
222,184922.790326,5027261.418214,3.030547219789841,5.4346501594211825
223,184922.790326,5026761.418214,3.0729977874562526,5.453693558860054
224,184922.790326,5026261.418214,3.072764246988598,5.452834812268112
225,184922.790326,5025761.418214,3.0341003112412053,5.433556712416236
226,184922.790326,5025261.418214,2.983822977345556,5.403659135832513
227,184922.790326,5024761.418214,2.9337492720129372,5.368622748653221
228,184922.790326,5024261.418214,2.899772087598161,5.341859696577486
229,184922.790326,5023761.418214,2.8995030581748016,5.341638144224809
230,184922.790326,5023261.418214,2.933113673444029,5.368144284906886
231,184922.790326,5022761.418214,2.983086484931541,5.403181850264628
232,185422.790326,5038761.418214,3.1004023857178487,5.464892590558375
233,185422.790326,5038261.418214,3.1004023857178487,5.464892590558375
234,185422.790326,5037761.418214,3.1004023857178487,5.464892590558375
235,185422.790326,5037261.418214,3.1004023857178487,5.464892590558375
236,185422.790326,5036761.418214,3.1004023857178487,5.464892590558375
237,185422.790326,5036261.418214,3.1004023857178487,5.464892590558375
238,185422.790326,5035761.418214,3.1004023857178487,5.464892590558375
239,185422.790326,5035261.418214,3.1004023857178487,5.464892590558375
240,185422.790326,5034761.418214,3.1004023857178487,5.464892590558375
241,185422.790326,5034261.418214,3.1004023857178487,5.464892590558375
242,185422.790326,5033761.418214,3.1004023857178487,5.464892590558375
243,185422.790326,5033261.418214,3.1004023857178487,5.464892590558375
244,185422.790326,5032761.418214,3.1004023857178487,5.464892590558375
245,185422.790326,5032261.418214,3.1004023857178487,5.464892590558375
246,185422.790326,5031761.418214,3.091849980318329,5.461680071793248
247,185422.790326,5031261.418214,3.0614269739878357,5.449217602199728
248,185422.790326,5030761.418214,3.015764313877281,5.4274805194690074
249,185422.790326,5030261.418214,2.964006821516367,5.3984419484238755
250,185422.790326,5029761.418214,2.919173773526065,5.369509348252832
251,185422.790326,5029261.418214,2.898379558381704,5.354899104931346
252,185422.790326,5028761.418214,2.9127002282557015,5.36504186447533
253,185422.790326,5028261.418214,2.9537142174488578,5.391047149772469
254,185422.790326,5027761.418214,3.004031117178169,5.417332567008001
255,185422.790326,5027261.418214,3.050518942851741,5.437221671824904
256,185422.790326,5026761.418214,3.0840310196817935,5.450017097252295
257,185422.790326,5026261.418214,3.086340155205292,5.4518481534774335
258,185422.790326,5025761.418214,3.0609735065136783,5.4434031302192585
259,185422.790326,5025261.418214,3.027762273153681,5.4290854727689695
260,185422.790326,5024761.418214,2.9952183189449086,5.41089920227017
261,185422.790326,5024261.418214,2.974416935477852,5.397478170229126
262,185422.790326,5023761.418214,2.9742590588186055,5.397372844669463
263,185422.790326,5023261.418214,2.9948150712551214,5.4106476373589105
264,185422.790326,5022761.418214,3.027727850533124,5.4300601721782495
265,185922.790326,5038761.418214,3.1004023857178487,5.464892590558375
266,185922.790326,5038261.418214,3.1004023857178487,5.464892590558375
267,185922.790326,5037761.418214,3.1004023857178487,5.464892590558375
268,185922.790326,5037261.418214,3.1004023857178487,5.464892590558375
269,185922.790326,5036761.418214,3.1004023857178487,5.464892590558375
270,185922.790326,5036261.418214,3.1004023857178487,5.464892590558375
271,185922.790326,5035761.418214,3.1004023857178487,5.464892590558375
272,185922.790326,5035261.418214,3.1004023857178487,5.464892590558375
273,185922.790326,5034761.418214,3.1004023857178487,5.464892590558375
274,185922.790326,5034261.418214,3.1004023857178487,5.464892590558375
275,185922.790326,5033761.418214,3.1004023857178487,5.464892590558375
276,185922.790326,5033261.418214,3.1004023857178487,5.464892590558375
277,185922.790326,5032761.418214,3.1004023857178487,5.464892590558375
278,185922.790326,5032261.418214,3.1004023857178487,5.464892590558375
279,185922.790326,5031761.418214,3.099311977449492,5.464490103687999
280,185922.790326,5031261.418214,3.0831957540227046,5.458299358987586
281,185922.790326,5030761.418214,3.0536974776509833,5.445793948049387
282,185922.790326,5030261.418214,3.019625174616791,5.429459268037196
283,185922.790326,5029761.418214,2.991299455318172,5.414337178067193
284,185922.790326,5029261.418214,2.9788328412440195,5.4072379154400405
285,185922.790326,5028761.418214,2.986378459334251,5.409486312560247
286,185922.790326,5028261.418214,3.009769575042075,5.416140268958691
287,185922.790326,5027761.418214,3.0404972640690437,5.422747384587119
288,185922.790326,5027261.418214,3.0691784180807193,5.4274173446289895
289,185922.790326,5026761.418214,3.0876217589716606,5.431441216429414
290,185922.790326,5026261.418214,3.0903447267434134,5.435776710866089
291,185922.790326,5025761.418214,3.080834300558397,5.439726040415448
292,185922.790326,5025261.418214,3.0643098254489183,5.440890159941678
293,185922.790326,5024761.418214,3.0472558597833674,5.4385964738111445
294,185922.790326,5024261.418214,3.0358973125384843,5.434527351914705
295,185922.790326,5023761.418214,3.0358054311970233,5.43447788675192
296,185922.790326,5023261.418214,3.047876082953707,5.440824880612615
297,185922.790326,5022761.418214,3.067369850976448,5.450431020386255
298,186422.790326,5038761.418214,3.1004023857178487,5.464892590558375
299,186422.790326,5038261.418214,3.1004023857178487,5.464892590558375
300,186422.790326,5037761.418214,3.1004023857178487,5.464892590558375
301,186422.790326,5037261.418214,3.1004023857178487,5.464892590558375
302,186422.790326,5036761.418214,3.1004023857178487,5.464892590558375
303,186422.790326,5036261.418214,3.1004023857178487,5.464892590558375
304,186422.790326,5035761.418214,3.1004023857178487,5.464892590558375
305,186422.790326,5035261.418214,3.1004023857178487,5.464892590558375
306,186422.790326,5034761.418214,3.1004023857178487,5.464892590558375
307,186422.790326,5034261.418214,3.1004023857178487,5.464892590558375
308,186422.790326,5033761.418214,3.1004023857178487,5.464892590558375
309,186422.790326,5033261.418214,3.1004023857178487,5.464892590558375
310,186422.790326,5032761.418214,3.1004023857178487,5.464892590558375
311,186422.790326,5032261.418214,3.1004023857178487,5.464892590558375
312,186422.790326,5031761.418214,3.1004023857178487,5.464892590558375
313,186422.790326,5031261.418214,3.098040522621906,5.4640181690918
314,186422.790326,5030761.418214,3.084582699457096,5.458849955277131
315,186422.790326,5030261.418214,3.0658863024387064,5.4511453565667916
316,186422.790326,5029761.418214,3.049753028668524,5.444006635353886
317,186422.790326,5029261.418214,3.042069049856197,5.439124274493602
318,186422.790326,5028761.418214,3.04387959732206,5.432527580252138
319,186422.790326,5028261.418214,3.053947319058793,5.423419045430668
320,186422.790326,5027761.418214,3.0675522448682027,5.411268429730143
321,186422.790326,5027261.418214,3.078523277975326,5.399178574805609
322,186422.790326,5026761.418214,3.0811947426468627,5.393653397640534
323,186422.790326,5026261.418214,3.0829338333444722,5.401597835091882
324,186422.790326,5025761.418214,3.086688232543296,5.419554779239118
325,186422.790326,5025261.418214,3.0856764898772964,5.436886875582209
326,186422.790326,5024761.418214,3.0816891103899597,5.448681087127171
327,186422.790326,5024261.418214,3.07868606302135,5.454558990677178
328,186422.790326,5023761.418214,3.079109710866587,5.455832365873274
329,186422.790326,5023261.418214,3.084936352831171,5.458405982970778
330,186422.790326,5022761.418214,3.093575801106213,5.462091188809731
331,186922.790326,5038761.418214,3.1004023857178487,5.464892590558375
332,186922.790326,5038261.418214,3.1004023857178487,5.464892590558375
333,186922.790326,5037761.418214,3.1004023857178487,5.464892590558375
334,186922.790326,5037261.418214,3.1004023857178487,5.464892590558375
335,186922.790326,5036761.418214,3.1004023857178487,5.464892590558375
336,186922.790326,5036261.418214,3.1004023857178487,5.464892590558375
337,186922.790326,5035761.418214,3.1004023857178487,5.464892590558375
338,186922.790326,5035261.418214,3.1004023857178487,5.464892590558375
339,186922.790326,5034761.418214,3.1004023857178487,5.464892590558375
340,186922.790326,5034261.418214,3.1004023857178487,5.464892590558375
341,186922.790326,5033761.418214,3.1004023857178487,5.464892590558375
342,186922.790326,5033261.418214,3.1004023857178487,5.464892590558375
343,186922.790326,5032761.418214,3.1004023857178487,5.464892590558375
344,186922.790326,5032261.418214,3.1004023857178487,5.464892590558375
345,186922.790326,5031761.418214,3.1004023857178487,5.464892590558375
346,186922.790326,5031261.418214,3.1004023857178487,5.464892590558375
347,186922.790326,5030761.418214,3.0998623622839476,5.464693518772775
348,186922.790326,5030261.418214,3.0944721702128115,5.462678608396369
349,186922.790326,5029761.418214,3.087961662119009,5.460163923703636
350,186922.790326,5029261.418214,3.082885726318166,5.453392093050767
351,186922.790326,5028761.418214,3.080144874584249,5.438674446507535
352,186922.790326,5028261.418214,3.0793853190251292,5.415020982756026
353,186922.790326,5027761.418214,3.0777805038964168,5.382838454015041
354,186922.790326,5027261.418214,3.072518807013265,5.349575663207881
355,186922.790326,5026761.418214,3.069936324261929,5.335025316569928
356,186922.790326,5026261.418214,3.072865634751932,5.351479802292226
357,186922.790326,5025761.418214,3.079516743322328,5.385705992498509
358,186922.790326,5025261.418214,3.0871656974038086,5.419686733255131
359,186922.790326,5024761.418214,3.0938295775594438,5.4449856400395555
360,186922.790326,5024261.418214,3.097732920195171,5.459601179164816
361,186922.790326,5023761.418214,3.0994484257490633,5.464506981520981
362,186922.790326,5023261.418214,3.100264818232739,5.464837100685167
363,186922.790326,5022761.418214,3.1004023857178487,5.464892590558375
364,187422.790326,5038761.418214,3.1004023857178487,5.464892590558375
365,187422.790326,5038261.418214,3.1004023857178487,5.464892590558375
366,187422.790326,5037761.418214,3.1004023857178487,5.464892590558375
367,187422.790326,5037261.418214,3.1004023857178487,5.464892590558375
368,187422.790326,5036761.418214,3.1004023857178487,5.464892590558375
369,187422.790326,5036261.418214,3.1004023857178487,5.464892590558375
370,187422.790326,5035761.418214,3.1004023857178487,5.464892590558375
371,187422.790326,5035261.418214,3.1004023857178487,5.464892590558375
372,187422.790326,5034761.418214,3.1004023857178487,5.464892590558375
373,187422.790326,5034261.418214,3.1004023857178487,5.464892590558375
374,187422.790326,5033761.418214,3.1004023857178487,5.464892590558375
375,187422.790326,5033261.418214,3.1004023857178487,5.464892590558375
376,187422.790326,5032761.418214,3.1004023857178487,5.464892590558375
377,187422.790326,5032261.418214,3.1004023857178487,5.464892590558375
378,187422.790326,5031761.418214,3.1004023857178487,5.464892590558375
379,187422.790326,5031261.418214,3.1004023857178487,5.464892590558375
380,187422.790326,5030761.418214,3.1004023857178487,5.464892590558375
381,187422.790326,5030261.418214,3.1004023857178487,5.464892590558375
382,187422.790326,5029761.418214,3.1002140750979397,5.46437033752358
383,187422.790326,5029261.418214,3.0971525396001125,5.455404353336271
384,187422.790326,5028761.418214,3.0909150157964724,5.434241086961186
385,187422.790326,5028261.418214,3.082257086452509,5.3985417134913956
386,187422.790326,5027761.418214,3.072135287265035,5.347456301269513
387,187422.790326,5027261.418214,3.0622266952711388,5.287684306356967
388,187422.790326,5026761.418214,3.0573247421826766,5.254542920461317
389,187422.790326,5026261.418214,3.0628205443495546,5.291538696414787
390,187422.790326,5025761.418214,3.072835923291656,5.351317145137459
391,187422.790326,5025261.418214,3.082897613170923,5.4014354095738835
392,187422.790326,5024761.418214,3.0914197036188695,5.436094612018469
393,187422.790326,5024261.418214,3.0974713573482124,5.456368367150644
394,187422.790326,5023761.418214,3.1002874666301756,5.464574293485038
395,187422.790326,5023261.418214,3.1004023857178487,5.464892590558375
396,187422.790326,5022761.418214,3.1004023857178487,5.464892590558375
397,187922.790326,5038761.418214,3.1004023857178487,5.464892590558375
398,187922.790326,5038261.418214,3.1004023857178487,5.464892590558375
399,187922.790326,5037761.418214,3.1004023857178487,5.464892590558375
400,187922.790326,5037261.418214,3.1004023857178487,5.464892590558375
401,187922.790326,5036761.418214,3.1004023857178487,5.464892590558375
402,187922.790326,5036261.418214,3.1004023857178487,5.464892590558375
403,187922.790326,5035761.418214,3.1004023857178487,5.464892590558375
404,187922.790326,5035261.418214,3.1004023857178487,5.464892590558375
405,187922.790326,5034761.418214,3.1004023857178487,5.464892590558375
406,187922.790326,5034261.418214,3.1004023857178487,5.464892590558375
407,187922.790326,5033761.418214,3.1004023857178487,5.464892590558375
408,187922.790326,5033261.418214,3.1004023857178487,5.464892590558375
409,187922.790326,5032761.418214,3.1004023857178487,5.464892590558375
410,187922.790326,5032261.418214,3.1004023857178487,5.464892590558375
411,187922.790326,5031761.418214,3.1004023857178487,5.464892590558375
412,187922.790326,5031261.418214,3.1004023857178487,5.464892590558375
413,187922.790326,5030761.418214,3.1004023857178487,5.464892590558375
414,187922.790326,5030261.418214,3.1004023857178487,5.464892590558375
415,187922.790326,5029761.418214,3.1000865461440807,5.464014672634137
416,187922.790326,5029261.418214,3.096614624157015,5.453717132531385
417,187922.790326,5028761.418214,3.0898419481248363,5.430216841844571
418,187922.790326,5028261.418214,3.0804333536766126,5.390081606563154
419,187922.790326,5027761.418214,3.0690540417396592,5.3299039531587855
420,187922.790326,5027261.418214,3.05637146668171,5.247823409957996
421,187922.790326,5026761.418214,3.044177819017404,5.153986621169096
422,187922.790326,5026261.418214,3.057251568674962,5.254030298037557
423,187922.790326,5025761.418214,3.069867625329906,5.3346292908662045
424,187922.790326,5025261.418214,3.0811352932330296,5.393376564073233
425,187922.790326,5024761.418214,3.0903874836514884,5.432276878700705
426,187922.790326,5024261.418214,3.0969590407060066,5.454791638580062
427,187922.790326,5023761.418214,3.1001851398833797,5.464289780569519
428,187922.790326,5023261.418214,3.1004023857178487,5.464892590558375
429,187922.790326,5022761.418214,3.1004023857178487,5.464892590558375
430,188422.790326,5038761.418214,3.1004023857178487,5.464892590558375
431,188422.790326,5038261.418214,3.1004023857178487,5.464892590558375
432,188422.790326,5037761.418214,3.1004023857178487,5.464892590558375
433,188422.790326,5037261.418214,3.1004023857178487,5.464892590558375
434,188422.790326,5036761.418214,3.1004023857178487,5.464892590558375
435,188422.790326,5036261.418214,3.1004023857178487,5.464892590558375
436,188422.790326,5035761.418214,3.1004023857178487,5.464892590558375
437,188422.790326,5035261.418214,3.1004023857178487,5.464892590558375
438,188422.790326,5034761.418214,3.1004023857178487,5.464892590558375
439,188422.790326,5034261.418214,3.1004023857178487,5.464892590558375
440,188422.790326,5033761.418214,3.1004023857178487,5.464892590558375
441,188422.790326,5033261.418214,3.1004023857178487,5.464892590558375
442,188422.790326,5032761.418214,3.1004023857178487,5.464892590558375
443,188422.790326,5032261.418214,3.1004023857178487,5.464892590558375
444,188422.790326,5031761.418214,3.1004023857178487,5.464892590558375
445,188422.790326,5031261.418214,3.1004023857178487,5.464892590558375
446,188422.790326,5030761.418214,3.1004023857178487,5.464892590558375
447,188422.790326,5030261.418214,3.1004023857178487,5.464892590558375
448,188422.790326,5029761.418214,3.1001975508431023,5.464324343333899
449,188422.790326,5029261.418214,3.0970814605701418,5.455170751257026
450,188422.790326,5028761.418214,3.0907633095879614,5.4336790299892455
451,188422.790326,5028261.418214,3.0820008218446846,5.397372687088081
452,188422.790326,5027761.418214,3.0717130730098527,5.345106376610047
453,188422.790326,5027261.418214,3.061501696731538,5.282931655413132
454,188422.790326,5026761.418214,3.056292460294871,5.247262492900469
455,188422.790326,5026261.418214,3.062121964311726,5.287000949039722
456,188422.790326,5025761.418214,3.0724280233683237,5.349075292481452
457,188422.790326,5025261.418214,3.0826497764341037,5.400320549192253
458,188422.790326,5024761.418214,3.091273771301196,5.435561233746472
459,188422.790326,5024261.418214,3.0973994853902425,5.4561487279071486
460,188422.790326,5023761.418214,3.100274579411696,5.464538518102134
461,188422.790326,5023261.418214,3.1004023857178487,5.464892590558375
462,188422.790326,5022761.418214,3.1004023857178487,5.464892590558375
463,188922.790326,5038761.418214,3.0982298641459423,5.4638638922790665
464,188922.790326,5038261.418214,3.0961396457798904,5.462861471106271
465,188922.790326,5037761.418214,3.0961210385499203,5.462852491599257
466,188922.790326,5037261.418214,3.0981906634718737,5.463845207072248
467,188922.790326,5036761.418214,3.100279037550278,5.464834544772105
468,188922.790326,5036261.418214,3.1004023857178487,5.464892590558375
469,188922.790326,5035761.418214,3.1004023857178487,5.464892590558375
470,188922.790326,5035261.418214,3.1004023857178487,5.464892590558375
471,188922.790326,5034761.418214,3.1004023857178487,5.464892590558375
472,188922.790326,5034261.418214,3.1004023857178487,5.464892590558375
473,188922.790326,5033761.418214,3.1004023857178487,5.464892590558375
474,188922.790326,5033261.418214,3.1004023857178487,5.464892590558375
475,188922.790326,5032761.418214,3.1004023857178487,5.464892590558375
476,188922.790326,5032261.418214,3.1004023857178487,5.464892590558375
477,188922.790326,5031761.418214,3.1004023857178487,5.464892590558375
478,188922.790326,5031261.418214,3.1004023857178487,5.464892590558375
479,188922.790326,5030761.418214,3.1004023857178487,5.464892590558375
480,188922.790326,5030261.418214,3.1004023857178487,5.464892590558375
481,188922.790326,5029761.418214,3.100389932017658,5.464858159698385
482,188922.790326,5029261.418214,3.098330549550959,5.458954691818229
483,188922.790326,5028761.418214,3.0933105730524604,5.442816241206056
484,188922.790326,5028261.418214,3.0862574710819155,5.415953045949571
485,188922.790326,5027761.418214,3.078403893415426,5.380282499337038
486,188922.790326,5027261.418214,3.071681643494784,5.344930747528646
487,188922.790326,5026761.418214,3.068982213515373,5.329483642638852
488,188922.790326,5026261.418214,3.0720427872260903,5.346942972506958
489,188922.790326,5025761.418214,3.078923651386578,5.382830711908177
490,188922.790326,5025261.418214,3.0867732197319326,5.4180832277823034
491,188922.790326,5024761.418214,3.0937233448758037,5.444236782587068
492,188922.790326,5024261.418214,3.098571261573804,5.459666255506704
493,188922.790326,5023761.418214,3.100402028309325,5.464891602640386
494,188922.790326,5023261.418214,3.1004023857178487,5.464892590558375
495,188922.790326,5022761.418214,3.1004023857178487,5.464892590558375
496,189422.790326,5038761.418214,3.078357201357317,5.453829962065557
497,189422.790326,5038261.418214,3.071612646335119,5.450168803583752
498,189422.790326,5037761.418214,3.0715575181900228,5.450138344237393
499,189422.790326,5037261.418214,3.0782165642634656,5.453754942950907
500,189422.790326,5036761.418214,3.088585499239537,5.459134880667483
501,189422.790326,5036261.418214,3.0977278116045825,5.463624255245986
502,189422.790326,5035761.418214,3.1004023857178487,5.464892590558375
503,189422.790326,5035261.418214,3.1004023857178487,5.464892590558375
504,189422.790326,5034761.418214,3.1004023857178487,5.464892590558375
505,189422.790326,5034261.418214,3.1004023857178487,5.464892590558375
506,189422.790326,5033761.418214,3.1004023857178487,5.464892590558375
507,189422.790326,5033261.418214,3.1004023857178487,5.464892590558375
508,189422.790326,5032761.418214,3.1004023857178487,5.464892590558375
509,189422.790326,5032261.418214,3.1004023857178487,5.464892590558375
510,189422.790326,5031761.418214,3.1004023857178487,5.464892590558375
511,189422.790326,5031261.418214,3.1004023857178487,5.464892590558375
512,189422.790326,5030761.418214,3.1004023857178487,5.464892590558375
513,189422.790326,5030261.418214,3.1004023857178487,5.464892590558375
514,189422.790326,5029761.418214,3.1004023857178487,5.464892590558375
515,189422.790326,5029261.418214,3.0997241993972495,5.462995394267769
516,189422.790326,5028761.418214,3.096524779249482,5.453434916454751
517,189422.790326,5028261.418214,3.091614923902215,5.4368048603643775
518,189422.790326,5027761.418214,3.086242396729829,5.4158903911863705
519,189422.790326,5027261.418214,3.0820143708843535,5.397137008982246
520,189422.790326,5026761.418214,3.080401470882259,5.3897537743565165
521,189422.790326,5026261.418214,3.0821819754617894,5.398199741903225
522,189422.790326,5025761.418214,3.0865882664857818,5.4173223301586955
523,189422.790326,5025261.418214,3.0919751758293,5.438105681896473
524,189422.790326,5024761.418214,3.096805868024054,5.454315213442537
525,189422.790326,5024261.418214,3.099852043618424,5.463356493663028
526,189422.790326,5023761.418214,3.1004023857178487,5.464892590558375
527,189422.790326,5023261.418214,3.1004023857178487,5.464892590558375
528,189422.790326,5022761.418214,3.1004023857178487,5.464892590558375
529,189922.790326,5038761.418214,3.0414644391520333,5.432218819567195
530,189922.790326,5038261.418214,3.0287719025846886,5.423887121548638
531,189922.790326,5037761.418214,3.028668908036446,5.423817635836336
532,189922.790326,5037261.418214,3.0411972171016526,5.432048138667824
533,189922.790326,5036761.418214,3.0615151778407124,5.444445296798164
534,189922.790326,5036261.418214,3.082541132005896,5.456035991131369
535,189922.790326,5035761.418214,3.0971574640251736,5.4632952169959825
536,189922.790326,5035261.418214,3.0995400494700056,5.463842854322316
537,189922.790326,5034761.418214,3.098885924879608,5.463037239737228
538,189922.790326,5034261.418214,3.099036561160411,5.463223476130349
539,189922.790326,5033761.418214,3.099848884408496,5.464220413387293
540,189922.790326,5033261.418214,3.1004023857178487,5.464892590558375
541,189922.790326,5032761.418214,3.1004023857178487,5.464892590558375
542,189922.790326,5032261.418214,3.1004023857178487,5.464892590558375
543,189922.790326,5031761.418214,3.1004023857178487,5.464892590558375
544,189922.790326,5031261.418214,3.1004023857178487,5.464892590558375
545,189922.790326,5030761.418214,3.100411888461411,5.464890373653263
546,189922.790326,5030261.418214,3.1029374237881098,5.464298865976083
547,189922.790326,5029761.418214,3.1057358257536567,5.463638044565016
548,189922.790326,5029261.418214,3.105289151754421,5.463743750291231
549,189922.790326,5028761.418214,3.1010395932046038,5.461145389784175
550,189922.790326,5028261.418214,3.0981924437142396,5.451282419326285
551,189922.790326,5027761.418214,3.097162777193333,5.437782234480977
552,189922.790326,5027261.418214,3.0959480382186806,5.426831551922824
553,189922.790326,5026761.418214,3.0947374051899326,5.423699521097028
554,189922.790326,5026261.418214,3.094058882448655,5.429981138939861
555,189922.790326,5025761.418214,3.0945185587566852,5.442197752279546
556,189922.790326,5025261.418214,3.096730784945586,5.454080833584987
557,189922.790326,5024761.418214,3.0993934228250666,5.4620536450660975
558,189922.790326,5024261.418214,3.1004023857178487,5.464892590558375
559,189922.790326,5023761.418214,3.1004023857178487,5.464892590558375
560,189922.790326,5023261.418214,3.1004023857178487,5.464892590558375
561,189922.790326,5022761.418214,3.1004023857178487,5.464892590558375
562,190422.790326,5038761.418214,2.9928051103024225,5.3977842924694865
563,190422.790326,5038261.418214,2.9717324840363557,5.3807784745041625
564,190422.790326,5037761.418214,2.971558415267209,5.380632730336895
565,190422.790326,5037261.418214,2.9923680191318462,5.3974444054587805
566,190422.790326,5036761.418214,3.025151215838236,5.421426264611086
567,190422.790326,5036261.418214,3.057971479021371,5.441561447078304
568,190422.790326,5035761.418214,3.081415370205026,5.451841943523749
569,190422.790326,5035261.418214,3.0910781025003478,5.453339583027955
570,190422.790326,5034761.418214,3.089518893890636,5.450617239770261
571,190422.790326,5034261.418214,3.089985536116365,5.451275070793498
572,190422.790326,5033761.418214,3.092857337084644,5.4552332309387745
573,190422.790326,5033261.418214,3.0968142817421507,5.460432663843946
574,190422.790326,5032761.418214,3.099881777540826,5.464260520317596
575,190422.790326,5032261.418214,3.1004023857178487,5.464892590558375
576,190422.790326,5031761.418214,3.1004023857178487,5.464892590558375
577,190422.790326,5031261.418214,3.104778268514491,5.463864803988894
578,190422.790326,5030761.418214,3.1208188353719835,5.459978452763686
579,190422.790326,5030261.418214,3.138734137312518,5.455417174132504
580,190422.790326,5029761.418214,3.1494482683847744,5.452578040856988
581,190422.790326,5029261.418214,3.14826206404299,5.452526730550483
582,190422.790326,5028761.418214,3.138747417042756,5.451288197116361
583,190422.790326,5028261.418214,3.125276697902479,5.446105125057488
584,190422.790326,5027761.418214,3.1151832747857813,5.437289234246859
585,190422.790326,5027261.418214,3.114898420133405,5.429242894900049
586,190422.790326,5026761.418214,3.113831146510563,5.428765176059634
587,190422.790326,5026261.418214,3.1104710639681206,5.436594826725598
588,190422.790326,5025761.418214,3.106106767615806,5.44885335257356
589,190422.790326,5025261.418214,3.1022818701809394,5.459984534875055
590,190422.790326,5024761.418214,3.1004166193256126,5.464874476183767
591,190422.790326,5024261.418214,3.1004023857178487,5.464892590558375
592,190422.790326,5023761.418214,3.1004023857178487,5.464892590558375
593,190422.790326,5023261.418214,3.1004023857178487,5.464892590558375
594,190422.790326,5022761.418214,3.1004023857178487,5.464892590558375
595,190922.790326,5038761.418214,2.939657071774543,5.352464614659946
596,190922.790326,5038261.418214,2.905064569019945,5.318643280605927
597,190922.790326,5037761.418214,2.9047600160810565,5.318330375746263
598,190922.790326,5037261.418214,2.938975904203639,5.351831541001741
599,190922.790326,5036761.418214,2.9857798884174978,5.391636136273376
600,190922.790326,5036261.418214,3.0273431105003077,5.418435870880898
601,190922.790326,5035761.418214,3.057365283905844,5.429684629378186
602,190922.790326,5035261.418214,3.072723551765081,5.429461667735534
603,190922.790326,5034761.418214,3.0729227762819025,5.424555797469562
604,190922.790326,5034261.418214,3.0738017134154045,5.426066065358323
605,190922.790326,5033761.418214,3.079275970344713,5.435145024456141
606,190922.790326,5033261.418214,3.0872631060432103,5.44737941815239
607,190922.790326,5032761.418214,3.0950028423920006,5.458089014544364
608,190922.790326,5032261.418214,3.0998243002581036,5.464190424381358
609,190922.790326,5031761.418214,3.106642342477781,5.4634227589698945
610,190922.790326,5031261.418214,3.134525692292907,5.456509583145542
611,190922.790326,5030761.418214,3.1735192189684165,5.445895700077082
612,190922.790326,5030261.418214,3.2099579652352093,5.434979961755969
613,190922.790326,5029761.418214,3.2307903486631893,5.428257053664806
614,190922.790326,5029261.418214,3.2315506429432426,5.424488694003218
615,190922.790326,5028761.418214,3.2141507592590237,5.4210990567765975
616,190922.790326,5028261.418214,3.185971686519902,5.415794541616676
617,190922.790326,5027761.418214,3.157630521185147,5.4085148618312076
618,190922.790326,5027261.418214,3.1392592678052953,5.403138625317451
619,190922.790326,5026761.418214,3.1355118834808073,5.405513044077685
620,190922.790326,5026261.418214,3.1288910562054446,5.419065410624859
621,190922.790326,5025761.418214,3.1192275226670447,5.43711423530181
622,190922.790326,5025261.418214,3.109427359754259,5.452536996733284
623,190922.790326,5024761.418214,3.102429292417394,5.462269409108928
624,190922.790326,5024261.418214,3.1004023857178487,5.464892590558375
625,190922.790326,5023761.418214,3.1004023857178487,5.464892590558375
626,190922.790326,5023261.418214,3.1004023857178487,5.464892590558375
627,190922.790326,5022761.418214,3.1004023857178487,5.464892590558375
628,191422.790326,5038761.418214,2.895374568133896,5.308557979733076
629,191422.790326,5038261.418214,2.83625093664817,5.2412261700550555
630,191422.790326,5037761.418214,2.8355922143334045,5.240419893704043
631,191422.790326,5037261.418214,2.8938023627196796,5.306886179161259
632,191422.790326,5036761.418214,2.9530189061613332,5.362644039298516
633,191422.790326,5036261.418214,3.000422352260543,5.393225729519429
634,191422.790326,5035761.418214,3.0329456108330395,5.400240204066303
635,191422.790326,5035261.418214,3.0495612678217348,5.392029135199759
636,191422.790326,5034761.418214,3.050650716577287,5.381432123146331
637,191422.790326,5034261.418214,3.0521371194269173,5.384600971685748
638,191422.790326,5033761.418214,3.061202762715675,5.403027418231895
639,191422.790326,5033261.418214,3.074118530658292,5.426606882693281
640,191422.790326,5032761.418214,3.086922994535769,5.446882931419244
641,191422.790326,5032261.418214,3.09811122108672,5.459645442789582
642,191422.790326,5031761.418214,3.1294241906464104,5.457804129654905
643,191422.790326,5031261.418214,3.182148604360983,5.443397714157204
644,191422.790326,5030761.418214,3.2469027261540804,5.422928996635403
645,191422.790326,5030261.418214,3.306748159905906,5.401306497067435
646,191422.790326,5029761.418214,3.343048241453168,5.385821662953095
647,191422.790326,5029261.418214,3.345623647450488,5.377996462389578
648,191422.790326,5028761.418214,3.315560172593765,5.375211193965559
649,191422.790326,5028261.418214,3.2679273158697932,5.368693481710891
650,191422.790326,5027761.418214,3.218958037625228,5.3558315089256725
651,191422.790326,5027261.418214,3.1796944338857536,5.346760545098171
652,191422.790326,5026761.418214,3.1583192261468906,5.355422136087172
653,191422.790326,5026261.418214,3.1473431212771,5.381588435746075
654,191422.790326,5025761.418214,3.1323164727969077,5.413386065327618
655,191422.790326,5025261.418214,3.11765476117032,5.439754821598813
656,191422.790326,5024761.418214,3.106386537301483,5.456894687169724
657,191422.790326,5024261.418214,3.1007271164977226,5.464478243876631
658,191422.790326,5023761.418214,3.1004023857178487,5.464892590558375
659,191422.790326,5023261.418214,3.1004023857178487,5.464892590558375
660,191422.790326,5022761.418214,3.1004023857178487,5.464892590558375
661,191922.790326,5038761.418214,2.884349861666429,5.29675816946257
662,191922.790326,5038261.418214,2.81084854404552,5.209238163685436
663,191922.790326,5037761.418214,2.809793101808603,5.2078693129774685
664,191922.790326,5037261.418214,2.8807013881811754,5.292791100926601
665,191922.790326,5036761.418214,2.941079816218479,5.349815668045036
666,191922.790326,5036261.418214,2.9865134429515923,5.374507979331344
667,191922.790326,5035761.418214,3.0152435550012213,5.369188785042978
668,191922.790326,5035261.418214,3.0269523034492485,5.343385403963638
669,191922.790326,5034761.418214,3.024330116397703,5.318429695145584
670,191922.790326,5034261.418214,3.0269151743928435,5.325195028452633
671,191922.790326,5033761.418214,3.0415320557518077,5.3610818019331274
672,191922.790326,5033261.418214,3.0604385099754365,5.401533753395569
673,191922.790326,5032761.418214,3.078333104161006,5.43362151697268
674,191922.790326,5032261.418214,3.1024928659674402,5.451796776027301
675,191922.790326,5031761.418214,3.1578276144985193,5.449189932630987
676,191922.790326,5031261.418214,3.2349777084852644,5.427151749317114
677,191922.790326,5030761.418214,3.3260503904649354,5.393858135709031
678,191922.790326,5030261.418214,3.4160074903835413,5.355126988541241
679,191922.790326,5029761.418214,3.4770798311192923,5.323376997833922
680,191922.790326,5029261.418214,3.478895755716178,5.3138662726547485
681,191922.790326,5028761.418214,3.4260579515710305,5.319655834956684
682,191922.790326,5028261.418214,3.353079545165979,5.315928103742847
683,191922.790326,5027761.418214,3.2842141008086223,5.2929252373782685
684,191922.790326,5027261.418214,3.2290056084934378,5.268346037472927
685,191922.790326,5026761.418214,3.18723645120379,5.286718890721538
686,191922.790326,5026261.418214,3.164951657902304,5.338179643590922
687,191922.790326,5025761.418214,3.1439766026907217,5.38913220588076
688,191922.790326,5025261.418214,3.124892803648962,5.427312198515024
689,191922.790326,5024761.418214,3.1102233513689033,5.451363618149449
690,191922.790326,5024261.418214,3.101795235291115,5.463099440827056
691,191922.790326,5023761.418214,3.1004023857178487,5.464892590558375
692,191922.790326,5023261.418214,3.1004023857178487,5.464892590558375
693,191922.790326,5022761.418214,3.1004023857178487,5.464892590558375
694,192422.790326,5038761.418214,2.916087611170572,5.329790723921761
695,192422.790326,5038261.418214,2.871551484124345,5.282625613549165
696,192422.790326,5037761.418214,2.871129313368875,5.282151481720241
697,192422.790326,5037261.418214,2.910932336742671,5.324095219841377
698,192422.790326,5036761.418214,2.9555580295882207,5.359885048141646
699,192422.790326,5036261.418214,2.9903739107792613,5.369181561362893
700,192422.790326,5035761.418214,3.0095794990156355,5.346580303785113
701,192422.790326,5035261.418214,3.0104356934439385,5.294986189759484
702,192422.790326,5034761.418214,2.9960965499725787,5.236348913007278
703,192422.790326,5034261.418214,3.0015706460064377,5.253436052280364
704,192422.790326,5033761.418214,3.025295703356378,5.320971444986183
705,192422.790326,5033261.418214,3.0502461730672135,5.380562479445154
706,192422.790326,5032761.418214,3.0799220240902114,5.421738445975906
707,192422.790326,5032261.418214,3.1328789718299763,5.440335572837459
708,192422.790326,5031761.418214,3.2171884245311997,5.434346145138911
709,192422.790326,5031261.418214,3.31559421214422,5.4059485167998265
710,192422.790326,5030761.418214,3.422667161153306,5.361537837912282
711,192422.790326,5030261.418214,3.531809830066297,5.303333182044862
712,192422.790326,5029761.418214,3.6233948404832965,5.242756163623495
713,192422.790326,5029261.418214,3.6143359814086846,5.23853722793576
714,192422.790326,5028761.418214,3.5184908650422746,5.270588906372734
715,192422.790326,5028261.418214,3.4162596144277537,5.277883472050974
716,192422.790326,5027761.418214,3.331155307906797,5.2466439758915815
717,192422.790326,5027261.418214,3.272223965235021,5.181719707880299
718,192422.790326,5026761.418214,3.213065400035754,5.221663078185147
719,192422.790326,5026261.418214,3.175350047421506,5.309429861613456
720,192422.790326,5025761.418214,3.1501149158574573,5.375195319626516
721,192422.790326,5025261.418214,3.128573492225594,5.420554942250299
722,192422.790326,5024761.418214,3.1122179624311905,5.448363796876302
723,192422.790326,5024261.418214,3.1024945278771976,5.462183522623743
724,192422.790326,5023761.418214,3.1004023857178487,5.464892590558375
725,192422.790326,5023261.418214,3.1004023857178487,5.464892590558375
726,192422.790326,5022761.418214,3.1004023857178487,5.464892590558375
727,192922.790326,5038761.418214,2.9673159050760223,5.3770538701924835
728,192922.790326,5038261.418214,2.940687039972429,5.3534193509926125
729,192922.790326,5037761.418214,2.9404595340833835,5.353208232222717
730,192922.790326,5037261.418214,2.961987400439501,5.3710192069438065
731,192922.790326,5036761.418214,2.9890326530022775,5.385124228581408
732,192922.790326,5036261.418214,3.010301468429316,5.379481373460091
733,192922.790326,5035761.418214,3.0185058573078027,5.3455292187606105
734,192922.790326,5035261.418214,3.008919645646143,5.280782382841587
735,192922.790326,5034761.418214,2.9824487058702123,5.191291097762707
736,192922.790326,5034261.418214,2.991881671302208,5.222807931820702
737,192922.790326,5033761.418214,3.0208304853265275,5.309031295564657
738,192922.790326,5033261.418214,3.064047752613348,5.372111027351127
739,192922.790326,5032761.418214,3.124109391834598,5.4102684401613725
740,192922.790326,5032261.418214,3.205846763177069,5.423596305614589
741,192922.790326,5031761.418214,3.31123672756319,5.4128066747634245
742,192922.790326,5031261.418214,3.4193745894833203,5.381663152787452
743,192922.790326,5030761.418214,3.52513163823295,5.335657065800691
744,192922.790326,5030261.418214,3.6300562319313885,5.2719844984606965
745,192922.790326,5029761.418214,3.7429217157034826,5.183183846668522
746,192922.790326,5029261.418214,3.6874350032673266,5.197498168398564
747,192922.790326,5028761.418214,3.5481776399488183,5.2575613078440355
748,192922.790326,5028261.418214,3.428979840531989,5.276301934400216
749,192922.790326,5027761.418214,3.3282339603925855,5.255387848703132
750,192922.790326,5027261.418214,3.25303868372941,5.2179777836111425
751,192922.790326,5026761.418214,3.193863662953855,5.246500238439138
752,192922.790326,5026261.418214,3.1635967649648173,5.318362243605398
753,192922.790326,5025761.418214,3.1460939139275257,5.3798642537545724
754,192922.790326,5025261.418214,3.12724122123795,5.423034286212791
755,192922.790326,5024761.418214,3.111494470468059,5.449461740363896
756,192922.790326,5024261.418214,3.102232732175205,5.46252764222424
757,192922.790326,5023761.418214,3.1004023857178487,5.464892590558375
758,192922.790326,5023261.418214,3.1004023857178487,5.464892590558375
759,192922.790326,5022761.418214,3.1004023857178487,5.464892590558375
760,193422.790326,5038761.418214,3.0192586530885754,5.417341428423105
761,193422.790326,5038261.418214,3.0029682121890184,5.4055337548447575
762,193422.790326,5037761.418214,3.0028353367833063,5.405434334823761
763,193422.790326,5037261.418214,3.0152717599187935,5.412768096866416
764,193422.790326,5036761.418214,3.029765674610389,5.414562502054611
765,193422.790326,5036261.418214,3.039467628344284,5.401696815688102
766,193422.790326,5035761.418214,3.038695427109552,5.368752382303913
767,193422.790326,5035261.418214,3.024214296119123,5.318123638150929
768,193422.790326,5034761.418214,3.0086041139671447,5.2745625707149
769,193422.790326,5034261.418214,3.0123761029281457,5.285508862646184
770,193422.790326,5033761.418214,3.043218367804373,5.335088119519569
771,193422.790326,5033261.418214,3.112692359741174,5.377573884079352
772,193422.790326,5032761.418214,3.201947740973923,5.4004356342279785
773,193422.790326,5032261.418214,3.3071073386204057,5.40155419449417
774,193422.790326,5031761.418214,3.4267746054826604,5.382932650402039
775,193422.790326,5031261.418214,3.53148477125841,5.353070741920097
776,193422.790326,5030761.418214,3.6109624201965964,5.320144543449515
777,193422.790326,5030261.418214,3.664673366798319,5.282366446257077
778,193422.790326,5029761.418214,3.6815032483248498,5.248725987080603
779,193422.790326,5029261.418214,3.614327504302822,5.257414274404426
780,193422.790326,5028761.418214,3.4852569643086944,5.291601595569511
781,193422.790326,5028261.418214,3.363983569317589,5.305338520886388
782,193422.790326,5027761.418214,3.2559087984347417,5.297039351018907
783,193422.790326,5027261.418214,3.173126252005389,5.28714611099673
784,193422.790326,5026761.418214,3.1231109686664773,5.304688146133962
785,193422.790326,5026261.418214,3.1125895357337523,5.346700499726805
786,193422.790326,5025761.418214,3.1137539064485287,5.393489600106877
787,193422.790326,5025261.418214,3.114280249693477,5.431182772630854
788,193422.790326,5024761.418214,3.1083706585401485,5.454073745864851
789,193422.790326,5024261.418214,3.10122192252062,5.463842548160444
790,193422.790326,5023761.418214,3.1004023857178487,5.464892590558375
791,193422.790326,5023261.418214,3.1004023857178487,5.464892590558375
792,193422.790326,5022761.418214,3.1004023857178487,5.464892590558375
793,193922.790326,5038761.418214,3.0625173306818745,5.445026328636778
794,193922.790326,5038261.418214,3.053135361298624,5.439474810411687
795,193922.790326,5037761.418214,3.0530592071999485,5.439428722203973
796,193922.790326,5037261.418214,3.06072561501022,5.44300102261873
797,193922.790326,5036761.418214,3.0672976274532946,5.440468808770687
798,193922.790326,5036261.418214,3.0683928059775742,5.427333125721542
799,193922.790326,5035761.418214,3.060318928606399,5.401811537590589
800,193922.790326,5035261.418214,3.045365329446887,5.369827327992027
801,193922.790326,5034761.418214,3.03635692105422,5.348835991469258
802,193922.790326,5034261.418214,3.0392983466254893,5.353468593463718
803,193922.790326,5033761.418214,3.085674955320961,5.373982330055033
804,193922.790326,5033261.418214,3.1770467028353044,5.390279542105856
805,193922.790326,5032761.418214,3.294193591535394,5.390609255004883
806,193922.790326,5032261.418214,3.4221794225259434,5.37241754249343
807,193922.790326,5031761.418214,3.5557677009374715,5.339722515127542
808,193922.790326,5031261.418214,3.6501129329552806,5.312076379511595
809,193922.790326,5030761.418214,3.6838746520040684,5.302535272255488
810,193922.790326,5030261.418214,3.671980818245051,5.299791618788485
811,193922.790326,5029761.418214,3.6210186091834653,5.30284467629597
812,193922.790326,5029261.418214,3.520742769584403,5.315747781677731
813,193922.790326,5028761.418214,3.3815934613019274,5.331650789271593
814,193922.790326,5028261.418214,3.252509604336251,5.336000253689845
815,193922.790326,5027761.418214,3.140935704504049,5.3296903362823125
816,193922.790326,5027261.418214,3.0586522586245692,5.325438158687077
817,193922.790326,5026761.418214,3.0244593714664454,5.336624671793209
818,193922.790326,5026261.418214,3.035468206343503,5.365255632454987
819,193922.790326,5025761.418214,3.057975453699973,5.402800169484533
820,193922.790326,5025261.418214,3.0812453526004546,5.43606397686104
821,193922.790326,5024761.418214,3.097442838127301,5.457725549981246
822,193922.790326,5024261.418214,3.1004188590352046,5.464871625426789
823,193922.790326,5023761.418214,3.1004023857178487,5.464892590558375
824,193922.790326,5023261.418214,3.1004023857178487,5.464892590558375
825,193922.790326,5022761.418214,3.1004023857178487,5.464892590558375
826,194422.790326,5038761.418214,3.091134106729439,5.460410327209545
827,194422.790326,5038261.418214,3.0869343752850797,5.458298699328533
828,194422.790326,5037761.418214,3.086899294877458,5.458280849229104
829,194422.790326,5037261.418214,3.0909675373546186,5.460270175417795
830,194422.790326,5036761.418214,3.092699913967473,5.457963710587239
831,194422.790326,5036261.418214,3.087312864935143,5.447474487514279
832,194422.790326,5035761.418214,3.0764209870095733,5.43048047937997
833,194422.790326,5035261.418214,3.066554557431863,5.413178906576398
834,194422.790326,5034761.418214,3.0610987312142397,5.402824744363802
835,194422.790326,5034261.418214,3.0682818708470494,5.404049566352315
836,194422.790326,5033761.418214,3.1276831508138367,5.407564335685175
837,194422.790326,5033261.418214,3.2350538517439977,5.403068782656878
838,194422.790326,5032761.418214,3.3751749571367524,5.381450837175095
839,194422.790326,5032261.418214,3.5300822215145664,5.339289559975598
840,194422.790326,5031761.418214,3.6887051354186955,5.281273754764919
841,194422.790326,5031261.418214,3.781488462467564,5.249378016993757
842,194422.790326,5030761.418214,3.7554231917420235,5.270060821732476
843,194422.790326,5030261.418214,3.6780150827637854,5.300538499401807
844,194422.790326,5029761.418214,3.577445215409603,5.324729109830539
845,194422.790326,5029261.418214,3.4393854444703793,5.340997878660267
846,194422.790326,5028761.418214,3.2810279400554077,5.3481623293977885
847,194422.790326,5028261.418214,3.1362184468591305,5.343358038926249
848,194422.790326,5027761.418214,3.0192916155522145,5.329728322832118
849,194422.790326,5027261.418214,2.934695152030672,5.321566682403495
850,194422.790326,5026761.418214,2.9141972543891126,5.331286930353469
851,194422.790326,5026261.418214,2.9453377235057028,5.360838612296642
852,194422.790326,5025761.418214,2.99209013802481,5.400031305137111
853,194422.790326,5025261.418214,3.0395781640256714,5.434378679421151
854,194422.790326,5024761.418214,3.077895077213743,5.456505658315399
855,194422.790326,5024261.418214,3.099130457668398,5.4644921996976805
856,194422.790326,5023761.418214,3.1004023857178487,5.464892590558375
857,194422.790326,5023261.418214,3.1004023857178487,5.464892590558375
858,194422.790326,5022761.418214,3.1004023857178487,5.464892590558375
859,194922.790326,5038761.418214,3.1004023857178487,5.464892590558375
860,194922.790326,5038261.418214,3.100330868486234,5.464858940909352
861,194922.790326,5037761.418214,3.1003285790761064,5.4648578634758165
862,194922.790326,5037261.418214,3.1004023857178487,5.464892590558375
863,194922.790326,5036761.418214,3.0999438574700835,5.46433615950398
864,194922.790326,5036261.418214,3.0959925912976396,5.4593772124026225
865,194922.790326,5035761.418214,3.089925446052604,5.451190591097014
866,194922.790326,5035261.418214,3.0842068480725824,5.442839820500727
867,194922.790326,5034761.418214,3.081054758070042,5.437973661991644
868,194922.790326,5034261.418214,3.090950934154009,5.437346529100418
869,194922.790326,5033761.418214,3.1546583731714644,5.431847215387461
870,194922.790326,5033261.418214,3.2670553453621234,5.414910202740207
871,194922.790326,5032761.418214,3.4159837218176037,5.379214508053714
872,194922.790326,5032261.418214,3.5891300422645163,5.319018238517645
873,194922.790326,5031761.418214,3.7793036606811463,5.233602133635892
874,194922.790326,5031261.418214,3.922627802020768,5.166400750827128
875,194922.790326,5030761.418214,3.7877425279192547,5.242420391609696
876,194922.790326,5030261.418214,3.6621969350196837,5.293305477896272
877,194922.790326,5029761.418214,3.533224629935285,5.321063235984955
878,194922.790326,5029261.418214,3.376770149820058,5.33196208449423
879,194922.790326,5028761.418214,3.205060177689443,5.332819389114867
880,194922.790326,5028261.418214,3.046198387948254,5.320753950047641
881,194922.790326,5027761.418214,2.916082530597723,5.295313307911688
882,194922.790326,5027261.418214,2.821278691155755,5.273267928442786
883,194922.790326,5026761.418214,2.806506407214067,5.286887465135657
884,194922.790326,5026261.418214,2.8572895566115033,5.3351861899819255
885,194922.790326,5025761.418214,2.931709202337453,5.386578811052327
886,194922.790326,5025261.418214,3.0025194293220547,5.426805392748864
887,194922.790326,5024761.418214,3.0599105240424636,5.451081118542561
888,194922.790326,5024261.418214,3.0940982795051664,5.462886843201395
889,194922.790326,5023761.418214,3.1004023857178487,5.464892590558375
890,194922.790326,5023261.418214,3.1004023857178487,5.464892590558375
891,194922.790326,5022761.418214,3.1004023857178487,5.464892590558375
892,195422.790326,5038761.418214,3.1004023857178487,5.464892590558375
893,195422.790326,5038261.418214,3.1004023857178487,5.464892590558375
894,195422.790326,5037761.418214,3.1004023857178487,5.464892590558375
895,195422.790326,5037261.418214,3.1004023857178487,5.464892590558375
896,195422.790326,5036761.418214,3.1004023857178487,5.464892590558375
897,195422.790326,5036261.418214,3.100272152262028,5.464734952742238
898,195422.790326,5035761.418214,3.0984903062036007,5.46254608950929
899,195422.790326,5035261.418214,3.0960937682120413,5.459507859170811
900,195422.790326,5034761.418214,3.0946439098974903,5.457617292534711
901,195422.790326,5034261.418214,3.1022281493917094,5.456678070006571
902,195422.790326,5033761.418214,3.159294020499904,5.448024852001914
903,195422.790326,5033261.418214,3.262363166086232,5.427024830118707
904,195422.790326,5032761.418214,3.3986309583876917,5.388890311674022
905,195422.790326,5032261.418214,3.5545915916040154,5.332940893107535
906,195422.790326,5031761.418214,3.7088047921695875,5.266655204652107
907,195422.790326,5031261.418214,3.7838598117739215,5.230709168002406
908,195422.790326,5030761.418214,3.71232706519482,5.261771012623547
909,195422.790326,5030261.418214,3.6045957850001593,5.293060244354146
910,195422.790326,5029761.418214,3.484853586653662,5.301866118460465
911,195422.790326,5029261.418214,3.3385301827133214,5.294808464665034
912,195422.790326,5028761.418214,3.172012659684662,5.288525447929381
913,195422.790326,5028261.418214,3.009296027886994,5.278195664345489
914,195422.790326,5027761.418214,2.864264552911357,5.245765527485413
915,195422.790326,5027261.418214,2.7316216646795857,5.19349097140813
916,195422.790326,5026761.418214,2.714543839336409,5.218955834834616
917,195422.790326,5026261.418214,2.7983884287731744,5.305909548171095
918,195422.790326,5025761.418214,2.895748865297176,5.3725547055205345
919,195422.790326,5025261.418214,2.9823081745881703,5.418465626385901
920,195422.790326,5024761.418214,3.0490947123623404,5.447019770619848
921,195422.790326,5024261.418214,3.0900873048455613,5.461582944245275
922,195422.790326,5023761.418214,3.1004023857178487,5.464892590558375
923,195422.790326,5023261.418214,3.1004023857178487,5.464892590558375
924,195422.790326,5022761.418214,3.1004023857178487,5.464892590558375
925,195922.790326,5038761.418214,3.1004023857178487,5.464892590558375
926,195922.790326,5038261.418214,3.1004023857178487,5.464892590558375
927,195922.790326,5037761.418214,3.1004023857178487,5.464892590558375
928,195922.790326,5037261.418214,3.1004023857178487,5.464892590558375
929,195922.790326,5036761.418214,3.1004023857178487,5.464892590558375
930,195922.790326,5036261.418214,3.1004023857178487,5.464892590558375
931,195922.790326,5035761.418214,3.1004023857178487,5.464892590558375
932,195922.790326,5035261.418214,3.1004023857178487,5.464892590558375
933,195922.790326,5034761.418214,3.10032457303077,5.464798442543423
934,195922.790326,5034261.418214,3.1023114722521026,5.464309234334708
935,195922.790326,5033761.418214,3.141752496990117,5.455856081462306
936,195922.790326,5033261.418214,3.2233596733953953,5.437260854243407
937,195922.790326,5032761.418214,3.333597917414357,5.408275949531679
938,195922.790326,5032261.418214,3.4527275056883977,5.370738673690265
939,195922.790326,5031761.418214,3.555902240017527,5.331690244935435
940,195922.790326,5031261.418214,3.6075604999030166,5.307300927294719
941,195922.790326,5030761.418214,3.585069943128956,5.3045384551210075
942,195922.790326,5030261.418214,3.5223683534426073,5.300933031185102
943,195922.790326,5029761.418214,3.4418658612794824,5.275751739131949
944,195922.790326,5029261.418214,3.3355550239089102,5.235211548533567
945,195922.790326,5028761.418214,3.19370436097221,5.2269093491916045
946,195922.790326,5028261.418214,3.042265078363041,5.238191521310251
947,195922.790326,5027761.418214,2.892932872436988,5.224631626591556
948,195922.790326,5027261.418214,2.7533394386460963,5.186985111690242
949,195922.790326,5026761.418214,2.7278782008725457,5.218133624580189
950,195922.790326,5026261.418214,2.8031116140850614,5.306101520518704
951,195922.790326,5025761.418214,2.8968905806959597,5.373227101981791
952,195922.790326,5025261.418214,2.982986197344153,5.418785570228616
953,195922.790326,5024761.418214,3.04946866442785,5.447162808632271
954,195922.790326,5024261.418214,3.0902332561060635,5.461630768798231
955,195922.790326,5023761.418214,3.1004023857178487,5.464892590558375
956,195922.790326,5023261.418214,3.1004023857178487,5.464892590558375
957,195922.790326,5022761.418214,3.1004023857178487,5.464892590558375
958,196422.790326,5038761.418214,3.1004023857178487,5.464892590558375
959,196422.790326,5038261.418214,3.1004023857178487,5.464892590558375
960,196422.790326,5037761.418214,3.1004023857178487,5.464892590558375
961,196422.790326,5037261.418214,3.1004023857178487,5.464892590558375
962,196422.790326,5036761.418214,3.1004023857178487,5.464892590558375
963,196422.790326,5036261.418214,3.1004023857178487,5.464892590558375
964,196422.790326,5035761.418214,3.1004023857178487,5.464892590558375
965,196422.790326,5035261.418214,3.100308355005559,5.464804094141688
966,196422.790326,5034761.418214,3.097646754395607,5.46225736796484
967,196422.790326,5034261.418214,3.0933234794740496,5.457948677021944
968,196422.790326,5033761.418214,3.107207772144023,5.4510269171267085
969,196422.790326,5033261.418214,3.1611892817058362,5.438780916301666
970,196422.790326,5032761.418214,3.240888458919265,5.422665057895043
971,196422.790326,5032261.418214,3.3260915209087996,5.404604295873894
972,196422.790326,5031761.418214,3.39933524079185,5.3852429411037885
973,196422.790326,5031261.418214,3.4433172981991347,5.365558522187922
974,196422.790326,5030761.418214,3.4485527799306825,5.346718346601136
975,196422.790326,5030261.418214,3.4290645306858405,5.318469425524195
976,196422.790326,5029761.418214,3.3979670527331507,5.265785091075403
977,196422.790326,5029261.418214,3.3547229731564827,5.177148272929025
978,196422.790326,5028761.418214,3.244244523019851,5.177170499144513
979,196422.790326,5028261.418214,3.1037690436929157,5.226851022340545
980,196422.790326,5027761.418214,2.9715139446455887,5.243600515281518
981,196422.790326,5027261.418214,2.868606325215846,5.248810931565097
982,196422.790326,5026761.418214,2.8333234612443365,5.2790156623468105
983,196422.790326,5026261.418214,2.8654827981370925,5.335716702339259
984,196422.790326,5025761.418214,2.933115473276488,5.389023254872593
985,196422.790326,5025261.418214,3.0038625070816622,5.428035215605918
986,196422.790326,5024761.418214,3.0608716349432754,5.451434425823006
987,196422.790326,5024261.418214,3.094430115155598,5.462993750826888
988,196422.790326,5023761.418214,3.1004023857178487,5.464892590558375
989,196422.790326,5023261.418214,3.1004023857178487,5.464892590558375
990,196422.790326,5022761.418214,3.1004023857178487,5.464892590558375
991,196922.790326,5038761.418214,3.1004023857178487,5.464892590558375
992,196922.790326,5038261.418214,3.1004023857178487,5.464892590558375
993,196922.790326,5037761.418214,3.1004023857178487,5.464892590558375
994,196922.790326,5037261.418214,3.1004023857178487,5.464892590558375
995,196922.790326,5036761.418214,3.1004023857178487,5.464892590558375
996,196922.790326,5036261.418214,3.1004023857178487,5.464892590558375
997,196922.790326,5035761.418214,3.100273372371877,5.464771144747037
998,196922.790326,5035261.418214,3.0958022662679965,5.460445145059902
999,196922.790326,5034761.418214,3.0871592632577967,5.451437018307421
1000,196922.790326,5034261.418214,3.0776355261832906,5.44052543884141
1001,196922.790326,5033761.418214,3.071749240188353,5.431625234107765
1002,196922.790326,5033261.418214,3.094515130870343,5.424668977771058
1003,196922.790326,5032761.418214,3.1440012719947585,5.420627802526611
1004,196922.790326,5032261.418214,3.2019447650225947,5.419379901379419
1005,196922.790326,5031761.418214,3.255381829620553,5.416740327219997
1006,196922.790326,5031261.418214,3.29698453005378,5.40663049461229
1007,196922.790326,5030761.418214,3.3165292318418147,5.3857466426990905
1008,196922.790326,5030261.418214,3.3214123382240306,5.351662992487555
1009,196922.790326,5029761.418214,3.3218194551591385,5.301952050916953
1010,196922.790326,5029261.418214,3.304147022946489,5.241403664103944
1011,196922.790326,5028761.418214,3.2474814069336624,5.227867324012553
1012,196922.790326,5028261.418214,3.1526160444714995,5.254127898896296
1013,196922.790326,5027761.418214,3.0533133804864483,5.274136640608383
1014,196922.790326,5027261.418214,2.9761684313308576,5.29131294306842
1015,196922.790326,5026761.418214,2.9403341842096276,5.320579010232166
1016,196922.790326,5026261.418214,2.9491192568469473,5.362830079415462
1017,196922.790326,5025761.418214,2.991047221107081,5.40418657536335
1018,196922.790326,5025261.418214,3.039312412724854,5.437277905909226
1019,196922.790326,5024761.418214,3.0785071839150935,5.4575275067352464
1020,196922.790326,5024261.418214,3.0993612110562303,5.464564999792753
1021,196922.790326,5023761.418214,3.1004023857178487,5.464892590558375
1022,196922.790326,5023261.418214,3.1004023857178487,5.464892590558375
1023,196922.790326,5022761.418214,3.1004023857178487,5.464892590558375
1024,197422.790326,5038761.418214,3.1004023857178487,5.464892590558375
1025,197422.790326,5038261.418214,3.1004023857178487,5.464892590558375
1026,197422.790326,5037761.418214,3.1004023857178487,5.464892590558375
1027,197422.790326,5037261.418214,3.1004023857178487,5.464892590558375
1028,197422.790326,5036761.418214,3.1004023857178487,5.464892590558375
1029,197422.790326,5036261.418214,3.1004023857178487,5.464892590558375
1030,197422.790326,5035761.418214,3.0972620027574096,5.461882545836214
1031,197422.790326,5035261.418214,3.086699541280953,5.450934038776388
1032,197422.790326,5034761.418214,3.0716300506490515,5.433113598089578
1033,197422.790326,5034261.418214,3.055871087883548,5.411710517296946
1034,197422.790326,5033761.418214,3.044148489225661,5.39395440749993
1035,197422.790326,5033261.418214,3.04202678071445,5.388771682229814
1036,197422.790326,5032761.418214,3.0642890308635464,5.396882406818657
1037,197422.790326,5032261.418214,3.101481637144301,5.412653621295443
1038,197422.790326,5031761.418214,3.139845745463742,5.4273597611449045
1039,197422.790326,5031261.418214,3.1775650258896992,5.430377253416738
1040,197422.790326,5030761.418214,3.2058624994566833,5.418738348613257
1041,197422.790326,5030261.418214,3.223441803438298,5.391785520835178
1042,197422.790326,5029761.418214,3.2409979225067898,5.355858038890311
1043,197422.790326,5029261.418214,3.254637343821405,5.317470659669596
1044,197422.790326,5028761.418214,3.2348229808250735,5.295385539738075
1045,197422.790326,5028261.418214,3.181777866961676,5.2910960377041425
1046,197422.790326,5027761.418214,3.1184752460808727,5.292537824163218
1047,197422.790326,5027261.418214,3.064671799425993,5.302963824941274
1048,197422.790326,5026761.418214,3.033465797629255,5.330621427684798
1049,197422.790326,5026261.418214,3.0307111351153817,5.370688684449315
1050,197422.790326,5025761.418214,3.05247709336622,5.409453041221703
1051,197422.790326,5025261.418214,3.077803939031452,5.441004350957641
1052,197422.790326,5024761.418214,3.0960009539628794,5.460244160200244
1053,197422.790326,5024261.418214,3.1004023857178487,5.464892590558375
1054,197422.790326,5023761.418214,3.1004023857178487,5.464892590558375
1055,197422.790326,5023261.418214,3.1004023857178487,5.464892590558375
1056,197422.790326,5022761.418214,3.1004023857178487,5.464892590558375
1057,197922.790326,5038761.418214,3.1004023857178487,5.464892590558375
1058,197922.790326,5038261.418214,3.1004023857178487,5.464892590558375
1059,197922.790326,5037761.418214,3.1004023857178487,5.464892590558375
1060,197922.790326,5037261.418214,3.1004023857178487,5.464892590558375
1061,197922.790326,5036761.418214,3.1004023857178487,5.464892590558375
1062,197922.790326,5036261.418214,3.100057762976652,5.464567759107724
1063,197922.790326,5035761.418214,3.092346231937717,5.456945220745419
1064,197922.790326,5035261.418214,3.0763202396824663,5.438937276806514
1065,197922.790326,5034761.418214,3.054792336145944,5.410141945196786
1066,197922.790326,5034261.418214,3.031606737789405,5.373224112388101
1067,197922.790326,5033761.418214,3.0129372909070082,5.339046239754559
1068,197922.790326,5033261.418214,3.0075831795975825,5.328511889938985
1069,197922.790326,5032761.418214,3.0191310870541264,5.350825275114282
1070,197922.790326,5032261.418214,3.041991368099334,5.38786453713632
1071,197922.790326,5031761.418214,3.0698121909899854,5.421318954702579
1072,197922.790326,5031261.418214,3.1017329154864974,5.4397268298306365
1073,197922.790326,5030761.418214,3.13339607277589,5.440505067227103
1074,197922.790326,5030261.418214,3.160348593797545,5.42526569914026
1075,197922.790326,5029761.418214,3.188819169045814,5.398269454788169
1076,197922.790326,5029261.418214,3.2124193278461037,5.36831172149115
1077,197922.790326,5028761.418214,3.2152127157026578,5.339687510366696
1078,197922.790326,5028261.418214,3.1947104546983325,5.311200963053301
1079,197922.790326,5027761.418214,3.16349175084076,5.284483935559889
1080,197922.790326,5027261.418214,3.1319527149938833,5.277370362191982
1081,197922.790326,5026761.418214,3.1073149697812754,5.308177569827798
1082,197922.790326,5026261.418214,3.0985505971015255,5.357981976263147
1083,197922.790326,5025761.418214,3.1027740733360845,5.40397324074903
1084,197922.790326,5025261.418214,3.1068948222939707,5.43857908740927
1085,197922.790326,5024761.418214,3.1042660013410512,5.458044354689023
1086,197922.790326,5024261.418214,3.100466972026398,5.464782696957724
1087,197922.790326,5023761.418214,3.1004023857178487,5.464892590558375
1088,197922.790326,5023261.418214,3.1004023857178487,5.464892590558375
1089,197922.790326,5022761.418214,3.1004023857178487,5.464892590558375
1090,198422.790326,5038761.418214,3.1004023857178487,5.464892590558375
1091,198422.790326,5038261.418214,3.1004023857178487,5.464892590558375
1092,198422.790326,5037761.418214,3.1004023857178487,5.464892590558375
1093,198422.790326,5037261.418214,3.1004023857178487,5.464892590558375
1094,198422.790326,5036761.418214,3.1004023857178487,5.464892590558375
1095,198422.790326,5036261.418214,3.099027133314481,5.4635882438167185
1096,198422.790326,5035761.418214,3.0881614737284755,5.452525186085296
1097,198422.790326,5035261.418214,3.0682162700881674,5.428717217095019
1098,198422.790326,5034761.418214,3.041448315411808,5.389642650813443
1099,198422.790326,5034261.418214,3.010679630115696,5.334644054797399
1100,198422.790326,5033761.418214,2.98129691841401,5.27205551830335
1101,198422.790326,5033261.418214,2.9706376955574494,5.246918968845806
1102,198422.790326,5032761.418214,2.9919292479259028,5.295839171886661
1103,198422.790326,5032261.418214,3.02289958108641,5.357778150940179
1104,198422.790326,5031761.418214,3.052523160033578,5.406799148558397
1105,198422.790326,5031261.418214,3.079025780915955,5.4385501770319555
1106,198422.790326,5030761.418214,3.106774267065431,5.4507790603289825
1107,198422.790326,5030261.418214,3.1298491635518344,5.446785445169757
1108,198422.790326,5029761.418214,3.1501607954857858,5.42744244525377
1109,198422.790326,5029261.418214,3.1694465910291694,5.399758502022444
1110,198422.790326,5028761.418214,3.183130756492098,5.363955447930715
1111,198422.790326,5028261.418214,3.1884969673289376,5.316427615072426
1112,198422.790326,5027761.418214,3.1855602791929143,5.255346222162865
1113,198422.790326,5027261.418214,3.1773450089209456,5.21262619932329
1114,198422.790326,5026761.418214,3.1569559938618843,5.265586519675947
1115,198422.790326,5026261.418214,3.142140130245293,5.337541955221282
1116,198422.790326,5025761.418214,3.129953934213536,5.394577478053697
1117,198422.790326,5025261.418214,3.1165039739649107,5.432670244933671
1118,198422.790326,5024761.418214,3.1059901073935556,5.454808355341942
1119,198422.790326,5024261.418214,3.100771869979874,5.464261807871851
1120,198422.790326,5023761.418214,3.1004023857178487,5.464892590558375
1121,198422.790326,5023261.418214,3.1004023857178487,5.464892590558375
1122,198422.790326,5022761.418214,3.1004023857178487,5.464892590558375
1123,198922.790326,5038761.418214,3.1004023857178487,5.464892590558375
1124,198922.790326,5038261.418214,3.1004023857178487,5.464892590558375
1125,198922.790326,5037761.418214,3.1004023857178487,5.464892590558375
1126,198922.790326,5037261.418214,3.1004023857178487,5.464892590558375
1127,198922.790326,5036761.418214,3.1004023857178487,5.464892590558375
1128,198922.790326,5036261.418214,3.098568575358987,5.463148538427993
1129,198922.790326,5035761.418214,3.086674551117173,5.450906628165293
1130,198922.790326,5035261.418214,3.065396340958304,5.424985488314422
1131,198922.790326,5034761.418214,3.036688674405924,5.381840000121715
1132,198922.790326,5034261.418214,3.002509719751738,5.31822838335182
1133,198922.790326,5033761.418214,2.9648423621817623,5.232709251980535
1134,198922.790326,5033261.418214,2.9412014773977693,5.170779694419614
1135,198922.790326,5032761.418214,2.979792446078754,5.268586128624326
1136,198922.790326,5032261.418214,3.016342622328886,5.345576407877766
1137,198922.790326,5031761.418214,3.0486245916761394,5.40091907673717
1138,198922.790326,5031261.418214,3.0746720329549264,5.436919303038333
1139,198922.790326,5030761.418214,3.093927161679975,5.456378730190335
1140,198922.790326,5030261.418214,3.1082995609869575,5.4598169407678
1141,198922.790326,5029761.418214,3.1210776653437007,5.446154675113263
1142,198922.790326,5029261.418214,3.1362912036448343,5.421077962812163
1143,198922.790326,5028761.418214,3.1508188222061504,5.382849482520392
1144,198922.790326,5028261.418214,3.1637444918954136,5.327881420239058
1145,198922.790326,5027761.418214,3.176277642233002,5.253587230944994
1146,198922.790326,5027261.418214,3.186642903274845,5.182650069525834
1147,198922.790326,5026761.418214,3.1703819882247273,5.254391647694024
1148,198922.790326,5026261.418214,3.1503827173985894,5.333229522412597
1149,198922.790326,5025761.418214,3.1321769160899673,5.391999348104843
1150,198922.790326,5025261.418214,3.117102754900481,5.431285098340374
1151,198922.790326,5024761.418214,3.106292501799264,5.454229335240084
1152,198922.790326,5024261.418214,3.1008427328039487,5.464140247893342
1153,198922.790326,5023761.418214,3.1004023857178487,5.464892590558375
1154,198922.790326,5023261.418214,3.1004023857178487,5.464892590558375
1155,198922.790326,5022761.418214,3.1004023857178487,5.464892590558375
1156,199422.790326,5038761.418214,3.1004023857178487,5.464892590558375
1157,199422.790326,5038261.418214,3.1004023857178487,5.464892590558375
1158,199422.790326,5037761.418214,3.1004023857178487,5.464892590558375
1159,199422.790326,5037261.418214,3.1004023857178487,5.464892590558375
1160,199422.790326,5036761.418214,3.1004023857178487,5.464892590558375
1161,199422.790326,5036261.418214,3.099145461198469,5.463701318093751
1162,199422.790326,5035761.418214,3.088567467252879,5.452962744165256
1163,199422.790326,5035261.418214,3.068989953582507,5.429725227472602
1164,199422.790326,5034761.418214,3.042741367441791,5.391717817296428
1165,199422.790326,5034261.418214,3.012818086631949,5.338815256818098
1166,199422.790326,5033761.418214,2.984982074183832,5.280444739282224
1167,199422.790326,5033261.418214,2.9753572334201825,5.258208246086996
1168,199422.790326,5032761.418214,2.994905199010568,5.302265453432217
1169,199422.790326,5032261.418214,3.0246507711350508,5.360954040011661
1170,199422.790326,5031761.418214,3.053588388049842,5.408375675490816
1171,199422.790326,5031261.418214,3.077541167073782,5.440412159769123
1172,199422.790326,5030761.418214,3.093875220586062,5.458510409981401
1173,199422.790326,5030261.418214,3.100508598118239,5.464626883501633
1174,199422.790326,5029761.418214,3.1056020594899736,5.456569869631968
1175,199422.790326,5029261.418214,3.116107174559661,5.436750541730173
1176,199422.790326,5028761.418214,3.1292221676359073,5.404203886969891
1177,199422.790326,5028261.418214,3.14340450257091,5.3587557903395835
1178,199422.790326,5027761.418214,3.15740117050402,5.307265041761736
1179,199422.790326,5027261.418214,3.1645003568420464,5.279128966116259
1180,199422.790326,5026761.418214,3.157720544655888,5.306039735875016
1181,199422.790326,5026261.418214,3.1432621487420986,5.357690363295455
1182,199422.790326,5025761.418214,3.1278835319285747,5.404053582657916
1183,199422.790326,5025261.418214,3.1145692459939913,5.437054208713346
1184,199422.790326,5024761.418214,3.10502482884386,5.456633788655871
1185,199422.790326,5024261.418214,3.1005773952404265,5.464594450727804
1186,199422.790326,5023761.418214,3.1004023857178487,5.464892590558375
1187,199422.790326,5023261.418214,3.1004023857178487,5.464892590558375
1188,199422.790326,5022761.418214,3.1004023857178487,5.464892590558375
1189,199922.790326,5038761.418214,3.1004023857178487,5.464892590558375
1190,199922.790326,5038261.418214,3.1004023857178487,5.464892590558375
1191,199922.790326,5037761.418214,3.1004023857178487,5.464892590558375
1192,199922.790326,5037261.418214,3.1004023857178487,5.464892590558375
1193,199922.790326,5036761.418214,3.1004023857178487,5.464892590558375
1194,199922.790326,5036261.418214,3.1001654896452346,5.464669444521317
1195,199922.790326,5035761.418214,3.092971198923956,5.457588202756257
1196,199922.790326,5035261.418214,3.077566093808832,5.440442094426866
1197,199922.790326,5034761.418214,3.056815450479793,5.413072796527694
1198,199922.790326,5034261.418214,3.03461168660861,5.378354237025342
1199,199922.790326,5033761.418214,3.016988449410618,5.346799962748548
1200,199922.790326,5033261.418214,3.012004379702686,5.337234207352123
1201,199922.790326,5032761.418214,3.0227985602709015,5.357593877773517
1202,199922.790326,5032261.418214,3.0431075661695624,5.39230205366593
1203,199922.790326,5031761.418214,3.0653151030411085,5.424876640336815
1204,199922.790326,5031261.418214,3.084371852519387,5.448350368495908
1205,199922.790326,5030761.418214,3.096887841916466,5.4615164237442855
1206,199922.790326,5030261.418214,3.1004023857178487,5.464892590558375
1207,199922.790326,5029761.418214,3.102688897695441,5.460907149745497
1208,199922.790326,5029261.418214,3.109670276011521,5.447529326276419
1209,199922.790326,5028761.418214,3.1198129863656585,5.4248479877617495
1210,199922.790326,5028261.418214,3.131089029124224,5.395118899482785
1211,199922.790326,5027761.418214,3.14058395122045,5.366400191347018
1212,199922.790326,5027261.418214,3.1445302174214183,5.353472933321039
1213,199922.790326,5026761.418214,3.140773032220193,5.365794071803225
1214,199922.790326,5026261.418214,3.1313733077709083,5.3943079903076985
1215,199922.790326,5025761.418214,3.1201018326970686,5.424145756175136
1216,199922.790326,5025261.418214,3.109901210901953,5.44705567998798
1217,199922.790326,5024761.418214,3.102816645187332,5.460678719550403
1218,199922.790326,5024261.418214,3.1004023857178487,5.464892590558375
1219,199922.790326,5023761.418214,3.1004023857178487,5.464892590558375
1220,199922.790326,5023261.418214,3.1004023857178487,5.464892590558375
1221,199922.790326,5022761.418214,3.1004023857178487,5.464892590558375
1222,200422.790326,5038761.418214,3.1004023857178487,5.464892590558375
1223,200422.790326,5038261.418214,3.1004023857178487,5.464892590558375
1224,200422.790326,5037761.418214,3.1004023857178487,5.464892590558375
1225,200422.790326,5037261.418214,3.1004023857178487,5.464892590558375
1226,200422.790326,5036761.418214,3.1004023857178487,5.464892590558375
1227,200422.790326,5036261.418214,3.1004023857178487,5.464892590558375
1228,200422.790326,5035761.418214,3.0978000199247147,5.462406208383793
1229,200422.790326,5035261.418214,3.087979524133919,5.452328481209587
1230,200422.790326,5034761.418214,3.073729798814308,5.43575178027204
1231,200422.790326,5034261.418214,3.058816747632828,5.415926165051904
1232,200422.790326,5033761.418214,3.0477768963697525,5.399617610492099
1233,200422.790326,5033261.418214,3.04484142600193,5.395047526787598
1234,200422.790326,5032761.418214,3.0513117789636555,5.404990607615267
1235,200422.790326,5032261.418214,3.064425665242715,5.423679994516113
1236,200422.790326,5031761.418214,3.0795830040077004,5.442840755659065
1237,200422.790326,5031261.418214,3.0925108009052926,5.457114965083596
1238,200422.790326,5030761.418214,3.099750144755712,5.464276664177815
1239,200422.790326,5030261.418214,3.1004023857178487,5.464892590558375
1240,200422.790326,5029761.418214,3.100807342568007,5.464200980707928
1241,200422.790326,5029261.418214,3.104674342246372,5.457287974197678
1242,200422.790326,5028761.418214,3.1112916769019736,5.4441617103843125
1243,200422.790326,5028261.418214,3.1187215377535615,5.427473320715384
1244,200422.790326,5027761.418214,3.1246990035586997,5.412549544568582
1245,200422.790326,5027261.418214,3.1270572440852025,5.406294439352622
1246,200422.790326,5026761.418214,3.1248139435900395,5.412249490827798
1247,200422.790326,5026261.418214,3.118905435465453,5.427034098353456
1248,200422.790326,5025761.418214,3.1114835686135613,5.443756652889844
1249,200422.790326,5025261.418214,3.1048190546356587,5.457018424046422
1250,200422.790326,5024761.418214,3.1008589354332927,5.464112427108624
1251,200422.790326,5024261.418214,3.1004023857178487,5.464892590558375
1252,200422.790326,5023761.418214,3.1004023857178487,5.464892590558375
1253,200422.790326,5023261.418214,3.1004023857178487,5.464892590558375
1254,200422.790326,5022761.418214,3.1004023857178487,5.464892590558375
1255,200922.790326,5038761.418214,3.1004023857178487,5.464892590558375
1256,200922.790326,5038261.418214,3.1004023857178487,5.464892590558375
1257,200922.790326,5037761.418214,3.1004023857178487,5.464892590558375
1258,200922.790326,5037261.418214,3.1004023857178487,5.464892590558375
1259,200922.790326,5036761.418214,3.1004023857178487,5.464892590558375
1260,200922.790326,5036261.418214,3.1004023857178487,5.464892590558375
1261,200922.790326,5035761.418214,3.100376481231991,5.46486822076588
1262,200922.790326,5035261.418214,3.0966809022570616,5.461313245158492
1263,200922.790326,5034761.418214,3.0888131183832246,5.4532265819832695
1264,200922.790326,5034261.418214,3.0799900017691684,5.443319168648827
1265,200922.790326,5033761.418214,3.0734667883115008,5.435424078216634
1266,200922.790326,5033261.418214,3.0717546822999338,5.433271590936556
1267,200922.790326,5032761.418214,3.0755434854987898,5.4379901173718075
1268,200922.790326,5032261.418214,3.0833257208869895,5.4471690871024805
1269,200922.790326,5031761.418214,3.0921727245478907,5.456765922763153
1270,200922.790326,5031261.418214,3.098783598638697,5.463355019794685
1271,200922.790326,5030761.418214,3.1004023857178487,5.464892590558375
1272,200922.790326,5030261.418214,3.1004023857178487,5.464892590558375
1273,200922.790326,5029761.418214,3.1004023857178487,5.464892590558375
1274,200922.790326,5029261.418214,3.1011225654160475,5.4636583816553905
1275,200922.790326,5028761.418214,3.1042685054300336,5.458039735290937
1276,200922.790326,5028261.418214,3.1083953544947547,5.450108306773645
1277,200922.790326,5027761.418214,3.111814616762233,5.443054619807325
1278,200922.790326,5027261.418214,3.1131602116549137,5.44015894055366
1279,200922.790326,5026761.418214,3.111880343741254,5.442914749371305
1280,200922.790326,5026261.418214,3.108500115787596,5.449898680786811
1281,200922.790326,5025761.418214,3.1043707441235204,5.45785093116107
1282,200922.790326,5025261.418214,3.101177678163036,5.463563133626556
1283,200922.790326,5024761.418214,3.1004023857178487,5.464892590558375
1284,200922.790326,5024261.418214,3.1004023857178487,5.464892590558375
1285,200922.790326,5023761.418214,3.1004023857178487,5.464892590558375
1286,200922.790326,5023261.418214,3.1004023857178487,5.464892590558375
1287,200922.790326,5022761.418214,3.1004023857178487,5.464892590558375
1288,201422.790326,5038761.418214,3.1004023857178487,5.464892590558375
1289,201422.790326,5038261.418214,3.1004023857178487,5.464892590558375
1290,201422.790326,5037761.418214,3.1004023857178487,5.464892590558375
1291,201422.790326,5037261.418214,3.1004023857178487,5.464892590558375
1292,201422.790326,5036761.418214,3.1004023857178487,5.464892590558375
1293,201422.790326,5036261.418214,3.1004023857178487,5.464892590558375
1294,201422.790326,5035761.418214,3.1004023857178487,5.464892590558375
1295,201422.790326,5035261.418214,3.100398825484427,5.46488924170165
1296,201422.790326,5034761.418214,3.0984499889278174,5.463034437558544
1297,201422.790326,5034261.418214,3.0947193997458955,5.45936316462232
1298,201422.790326,5033761.418214,3.091601743228446,5.456173464305412
1299,201422.790326,5033261.418214,3.090756765269356,5.455289887857289
1300,201422.790326,5032761.418214,3.0926140478421655,5.457221301429908
1301,201422.790326,5032261.418214,3.0962204713042003,5.460859432130094
1302,201422.790326,5031761.418214,3.0995647850836567,5.464100740347046
1303,201422.790326,5031261.418214,3.1004023857178487,5.464892590558375
1304,201422.790326,5030761.418214,3.1004023857178487,5.464892590558375
1305,201422.790326,5030261.418214,3.1004023857178487,5.464892590558375
1306,201422.790326,5029761.418214,3.1004023857178487,5.464892590558375
1307,201422.790326,5029261.418214,3.1004023857178487,5.464892590558375
1308,201422.790326,5028761.418214,3.10060876590522,5.464540887821247
1309,201422.790326,5028261.418214,3.101900748901852,5.462302979098683
1310,201422.790326,5027761.418214,3.1033170699979475,5.459778016278855
1311,201422.790326,5027261.418214,3.103917704646137,5.458684588942303
1312,201422.790326,5026761.418214,3.1033459611236776,5.459725730018294
1313,201422.790326,5026261.418214,3.1019409816481183,5.462232288312936
1314,201422.790326,5025761.418214,3.1006304988467,5.464503758990958
1315,201422.790326,5025261.418214,3.1004023857178487,5.464892590558375
1316,201422.790326,5024761.418214,3.1004023857178487,5.464892590558375
1317,201422.790326,5024261.418214,3.1004023857178487,5.464892590558375
1318,201422.790326,5023761.418214,3.1004023857178487,5.464892590558375
1319,201422.790326,5023261.418214,3.1004023857178487,5.464892590558375
1320,201422.790326,5022761.418214,3.1004023857178487,5.464892590558375
1321,201922.790326,5038761.418214,3.1004023857178487,5.464892590558375
1322,201922.790326,5038261.418214,3.1004023857178487,5.464892590558375
1323,201922.790326,5037761.418214,3.1004023857178487,5.464892590558375
1324,201922.790326,5037261.418214,3.1004023857178487,5.464892590558375
1325,201922.790326,5036761.418214,3.1004023857178487,5.464892590558375
1326,201922.790326,5036261.418214,3.1004023857178487,5.464892590558375
1327,201922.790326,5035761.418214,3.1004023857178487,5.464892590558375
1328,201922.790326,5035261.418214,3.1004023857178487,5.464892590558375
1329,201922.790326,5034761.418214,3.1004023857178487,5.464892590558375
1330,201922.790326,5034261.418214,3.1003962105509384,5.464886781928927
1331,201922.790326,5033761.418214,3.100045181637882,5.464555874702005
1332,201922.790326,5033261.418214,3.099882811152825,5.464402336789034
1333,201922.790326,5032761.418214,3.100207379031048,5.464708949073076
1334,201922.790326,5032261.418214,3.1004023857178487,5.464892590558375
1335,201922.790326,5031761.418214,3.1004023857178487,5.464892590558375
1336,201922.790326,5031261.418214,3.1004023857178487,5.464892590558375
1337,201922.790326,5030761.418214,3.1004023857178487,5.464892590558375
1338,201922.790326,5030261.418214,3.1004023857178487,5.464892590558375
1339,201922.790326,5029761.418214,3.1004023857178487,5.464892590558375
1340,201922.790326,5029261.418214,3.1004023857178487,5.464892590558375
1341,201922.790326,5028761.418214,3.1004023857178487,5.464892590558375
1342,201922.790326,5028261.418214,3.1004023857178487,5.464892590558375
1343,201922.790326,5027761.418214,3.1004023857178487,5.464892590558375
1344,201922.790326,5027261.418214,3.1004082679275187,5.464882588431884
1345,201922.790326,5026761.418214,3.1004023857178487,5.464892590558375
1346,201922.790326,5026261.418214,3.1004023857178487,5.464892590558375
1347,201922.790326,5025761.418214,3.1004023857178487,5.464892590558375
1348,201922.790326,5025261.418214,3.1004023857178487,5.464892590558375
1349,201922.790326,5024761.418214,3.1004023857178487,5.464892590558375
1350,201922.790326,5024261.418214,3.1004023857178487,5.464892590558375
1351,201922.790326,5023761.418214,3.1004023857178487,5.464892590558375
1352,201922.790326,5023261.418214,3.1004023857178487,5.464892590558375
1353,201922.790326,5022761.418214,3.1004023857178487,5.464892590558375
1354,202422.790326,5038761.418214,3.1004023857178487,5.464892590558375
1355,202422.790326,5038261.418214,3.1004023857178487,5.464892590558375
1356,202422.790326,5037761.418214,3.1004023857178487,5.464892590558375
1357,202422.790326,5037261.418214,3.1004023857178487,5.464892590558375
1358,202422.790326,5036761.418214,3.1004023857178487,5.464892590558375
1359,202422.790326,5036261.418214,3.1004023857178487,5.464892590558375
1360,202422.790326,5035761.418214,3.1004023857178487,5.464892590558375
1361,202422.790326,5035261.418214,3.1004023857178487,5.464892590558375
1362,202422.790326,5034761.418214,3.1004023857178487,5.464892590558375
1363,202422.790326,5034261.418214,3.1004023857178487,5.464892590558375
1364,202422.790326,5033761.418214,3.1004023857178487,5.464892590558375
1365,202422.790326,5033261.418214,3.1004023857178487,5.464892590558375
1366,202422.790326,5032761.418214,3.1004023857178487,5.464892590558375
1367,202422.790326,5032261.418214,3.1004023857178487,5.464892590558375
1368,202422.790326,5031761.418214,3.1004023857178487,5.464892590558375
1369,202422.790326,5031261.418214,3.1004023857178487,5.464892590558375
1370,202422.790326,5030761.418214,3.1004023857178487,5.464892590558375
1371,202422.790326,5030261.418214,3.1004023857178487,5.464892590558375
1372,202422.790326,5029761.418214,3.1004023857178487,5.464892590558375
1373,202422.790326,5029261.418214,3.1004023857178487,5.464892590558375
1374,202422.790326,5028761.418214,3.1004023857178487,5.464892590558375
1375,202422.790326,5028261.418214,3.1004023857178487,5.464892590558375
1376,202422.790326,5027761.418214,3.1004023857178487,5.464892590558375
1377,202422.790326,5027261.418214,3.1004023857178487,5.464892590558375
1378,202422.790326,5026761.418214,3.1004023857178487,5.464892590558375
1379,202422.790326,5026261.418214,3.1004023857178487,5.464892590558375
1380,202422.790326,5025761.418214,3.1004023857178487,5.464892590558375
1381,202422.790326,5025261.418214,3.1004023857178487,5.464892590558375
1382,202422.790326,5024761.418214,3.1004023857178487,5.464892590558375
1383,202422.790326,5024261.418214,3.1004023857178487,5.464892590558375
1384,202422.790326,5023761.418214,3.1004023857178487,5.464892590558375
1385,202422.790326,5023261.418214,3.1004023857178495,5.4648925905583745
1386,202422.790326,5022761.418214,3.1004023857178495,5.4648925905583745
