Date,Période,DEA,CRG,RFO,LEN,CJD,SPH,CJC,SPQ,BRO,SES,ASC,JMJ
5/17/2025,00:05:00 à 00:09:59h,0,0,0,0.1,0,0,0,0,0,0,0,0
5/17/2025,01:55:00 à 01:59:59h,0,0,0,0,0,0,0,0,0.1,0,0,0
5/17/2025,02:45:00 à 02:49:59h,0,0,0,0,0,0,0,0,0,0.1,0,0
5/17/2025,03:20:00 à 03:24:59h,0,0.1,0,0,0,0,0,0,0,0,0,0
5/17/2025,04:35:00 à 04:39:59h,0,0,0,0,0,0.1,0,0,0,0,0,0
5/17/2025,05:00:00 à 05:04:59h,0,0,0,0,0.1,0,0,0,0,0,0,0
5/17/2025,05:40:00 à 05:44:59h,0,0,0,0.1,0,0,0,0,0,0,0,0
5/17/2025,06:40:00 à 06:44:59h,0.2,0,0,0,0,0,0,0,0,0,0,0
5/17/2025,07:25:00 à 07:29:59h,0,0.1,0,0,0,0,0,0,0,0,0,0
5/17/2025,07:40:00 à 07:44:59h,0,1.8,0,0,0,0,0,0,0,0,0,0
5/17/2025,07:45:00 à 07:49:59h,2.2,4.3,0,0,0,0,0,0,0,0,0,0
5/17/2025,07:50:00 à 07:54:59h,1.8,3.5,0.254,0,0,0,0,0,0,0,0,0
5/17/2025,07:55:00 à 07:59:59h,0,2.6,0.254,0,0,0,0,0,0.3,0.2,0,0.1
5/17/2025,08:00:00 à 08:04:59h,0,1,0.254,0,0,0.1,0,0,3.6,0.6,0,0.2
5/17/2025,08:05:00 à 08:09:59h,0.2,0,0,0.1,0,0.3,0,0,1.5,0.2,0,0.4
5/17/2025,08:10:00 à 08:14:59h,0.6,0,0.762,0.1,0,0.2,0.254,0.254,1.1,0.1,0,0.1
5/17/2025,08:15:00 à 08:19:59h,5.4,0.1,0.508,0,0.6,0.1,0,0.254,0.2,0.2,0,0.1
5/17/2025,08:20:00 à 08:24:59h,3.6,0.4,0.508,0.1,0.1,0.4,0,0,0,0.1,0.508,1.9
5/17/2025,08:25:00 à 08:29:59h,0,1.3,0,0.1,0.2,2,1.27,0.254,0,0.4,1.27,1.1
5/17/2025,08:30:00 à 08:34:59h,0,1.1,0,0.8,0.3,0.9,0.508,4.318,0,0.6,0,0.2
5/17/2025,08:35:00 à 08:39:59h,0,0.1,0,0,1.7,0.1,0,0.508,0.5,3.7,0,0
5/17/2025,08:40:00 à 08:44:59h,0,0,0,0,0.1,0,0,0,2,0.8,0,0
5/17/2025,08:45:00 à 08:49:59h,0,0,0,0,0,0,0,0,0.7,0,0,0
5/17/2025,08:50:00 à 08:54:59h,0.2,0,0,0,0,0,0,0,0.2,0,0,0
5/17/2025,09:05:00 à 09:09:59h,0,0,0,0,0,0,0,0,0.4,0,0.254,0
5/17/2025,09:10:00 à 09:14:59h,0,0,0,0,0,0,0,0,0.6,0,0,0
5/17/2025,09:15:00 à 09:19:59h,0,0,0,0,0,0,0,0,0.4,0,0,0
5/17/2025,09:20:00 à 09:24:59h,0,0,0,0,0,0,0,0,0,0.1,0,0
5/17/2025,09:25:00 à 09:29:59h,0,0,0,0,0,0,0,0,0.1,0,0,0
5/17/2025,11:35:00 à 11:39:59h,0,0.1,0,0,0,0,0,0,0,0,0,0
5/17/2025,11:40:00 à 11:44:59h,0,0.1,0,0,0,0,0,0,0,0,0,0
5/17/2025,11:45:00 à 11:49:59h,0,0.1,0,0,0,0,0,0,0,0,0,0
5/17/2025,11:50:00 à 11:54:59h,0.2,0.3,0.254,0.1,0,0,0,0,0,0,0,0
5/17/2025,11:55:00 à 11:59:59h,0.4,0.2,0,0.4,0,0,0.254,0,0,0,0,0.1
5/17/2025,12:00:00 à 12:04:59h,0.2,0.4,0.508,0.2,0.3,0.1,0.254,0.254,0,0,0.254,0.2
5/17/2025,12:05:00 à 12:09:59h,0.4,0.4,0.508,0.1,0.3,0.2,0,0.254,0.2,0.2,0,0.2
5/17/2025,12:10:00 à 12:14:59h,0.4,0.4,0.254,0.3,0.1,0.1,0.254,0.254,0.3,0.3,0.508,0.1
5/17/2025,12:15:00 à 12:19:59h,0.2,0.6,0.762,0.2,0.5,0.5,0.254,0.762,0.5,0.4,0.254,0.5
5/17/2025,12:20:00 à 12:24:59h,0.2,0.3,0.254,0.2,0.4,0.5,0.254,0.508,0.4,0.6,0,0.3
5/17/2025,12:25:00 à 12:29:59h,0.2,0.1,0,0.5,0.1,0.3,0,0.254,0.5,0.6,0.254,0.3
5/17/2025,12:30:00 à 12:34:59h,0,0.1,0.254,1.1,0.1,0.3,0.508,0.254,0.3,0.2,0.508,0.3
5/17/2025,12:35:00 à 12:39:59h,0,0,0,1.2,0.5,0.2,0.254,0,0.2,0.2,0.254,0.1
5/17/2025,12:40:00 à 12:44:59h,0,0,0.254,0.1,0.5,0.5,0.254,0.254,0,0.1,0.254,1.3
5/17/2025,12:45:00 à 12:49:59h,0.4,0,0.254,0.3,0.1,1.2,0.508,0.762,0,0.6,0.762,0.3
5/17/2025,12:50:00 à 12:54:59h,1.8,0,1.27,0.5,0.4,0.2,1.27,0.508,0.1,0.1,1.524,0.2
5/17/2025,12:55:00 à 12:59:59h,0.8,1.8,2.54,0.3,0.9,0.4,0.508,0,0.1,0.5,0.508,1.2
5/17/2025,13:00:00 à 13:04:59h,1,1.1,2.794,0.2,0.5,1.5,0.762,1.27,0.7,0.6,0.508,1.6
5/17/2025,13:05:00 à 13:09:59h,2.8,2,2.54,0.1,0.5,1.6,1.016,1.524,1.5,1.5,1.27,2.4
5/17/2025,13:10:00 à 13:14:59h,2.2,3.8,6.096,0.4,1.1,3.6,1.016,2.794,1.2,2.6,1.016,1.9
5/17/2025,13:15:00 à 13:19:59h,1.2,2.6,3.302,0.2,0.4,3,0.762,1.524,1.2,2.3,1.016,3.3
5/17/2025,13:20:00 à 13:24:59h,2.2,1.4,2.032,1.9,1.6,4.2,2.794,3.048,2.4,2.8,1.778,3.2
5/17/2025,13:25:00 à 13:29:59h,1,3.1,5.588,3,2.6,4.1,2.54,3.302,1.2,2.9,1.778,5.6
5/17/2025,13:30:00 à 13:34:59h,1,0.8,2.794,3.6,2.2,6.7,4.572,7.62,1.3,2.4,0.508,3.8
5/17/2025,13:35:00 à 13:39:59h,0.6,0.7,0.762,4.4,4.1,1.2,3.302,4.826,2.8,3.7,10.668,1.7
5/17/2025,13:40:00 à 13:44:59h,0.2,0.4,0.254,3.2,2.3,1.5,3.302,2.032,1.3,1,3.048,2.5
5/17/2025,13:45:00 à 13:49:59h,0.6,0.4,0.254,2.4,2,0.3,2.032,1.27,0.5,0.6,0.762,0.2
5/17/2025,13:50:00 à 13:54:59h,0.6,0.8,0.254,1.3,0.8,0.3,0.254,0.254,0.3,0.3,0.508,0.4
5/17/2025,13:55:00 à 13:59:59h,0.2,0.8,0.254,0.5,0.3,0.2,0.254,0.254,0.1,0.1,0.254,0.1
5/17/2025,14:00:00 à 14:04:59h,0.4,0.6,0.254,0.2,0.2,0.2,0.254,0.254,0.2,0.3,0.254,0.3
5/17/2025,14:05:00 à 14:09:59h,0.2,0.4,0.508,0.4,0.1,0.3,0,0,0.6,0.3,0.254,0.4
5/17/2025,14:10:00 à 14:14:59h,0,0.2,0,0.2,0.2,0.2,0,0.254,0.5,0.4,0,0.1
5/17/2025,14:15:00 à 14:19:59h,0,0,0,0,0,0,0.254,0,0.2,0.2,0,0
5/17/2025,14:20:00 à 14:24:59h,0,0,0,0,0.1,0,0,0,0,0,0,0
5/17/2025,16:35:00 à 16:39:59h,0,0,0,0.1,0,0,0,0,0,0,0,0
5/17/2025,16:45:00 à 16:49:59h,0,0,0,0,0,0,0,0,0,0,0,0.1
5/17/2025,16:50:00 à 16:54:59h,0.2,0,0,0.1,0,0.1,0,0,0,0,0.254,0
5/17/2025,16:55:00 à 16:59:59h,0.2,0,0,0.2,0,0,0,0,0,0,0,0.1
5/17/2025,17:00:00 à 17:04:59h,0.6,0,0.508,0.1,0.1,0.1,0.254,0.254,0,0,0,0.1
5/17/2025,17:05:00 à 17:09:59h,0.4,0.2,0.508,0.2,0.1,0,0,0,0,0,0.508,0.6
5/17/2025,17:10:00 à 17:14:59h,1,0.3,1.524,0.1,0.1,0.9,0.254,0,0.1,0.1,0,0.9
5/17/2025,17:15:00 à 17:19:59h,0.6,1.7,1.016,0.2,0.3,0.5,0.254,0.762,0.1,0.4,0.508,0.7
5/17/2025,17:20:00 à 17:24:59h,1.8,3.7,0.508,0.2,0.4,1.3,0.254,0.762,0.3,0.5,0,0.5
5/17/2025,17:25:00 à 17:29:59h,2.6,2.8,0.254,0.1,0.2,0.3,0,0.254,0.5,1.5,0.254,0.3
5/17/2025,17:30:00 à 17:34:59h,1.8,1.3,0.508,0.2,0.2,0.2,0.254,0.254,0.5,0.4,0.254,0.3
5/17/2025,17:35:00 à 17:39:59h,2,1.6,0.762,0.3,0.2,0.3,0.254,0.254,0.5,0.2,0.254,0.3
5/17/2025,17:40:00 à 17:44:59h,1.6,0.7,3.302,0.3,0.2,0.4,0.254,0.254,0.3,0.4,0.254,0.4
5/17/2025,17:45:00 à 17:49:59h,0.6,1,5.588,0.6,0.2,0.4,0.254,0.254,0.5,0.3,0.508,0.5
5/17/2025,17:50:00 à 17:54:59h,0.4,0.7,4.318,0.7,0.4,0.7,0.508,0.508,3.7,0.7,0.508,2.2
5/17/2025,17:55:00 à 17:59:59h,0.4,0.5,2.286,1,0.4,5.2,2.286,1.016,2,1.2,0.762,7.6
5/17/2025,18:00:00 à 18:04:59h,0.2,0.5,1.016,2.9,1.8,6.6,7.874,11.684,0.2,4.4,0.508,5.8
5/17/2025,18:05:00 à 18:09:59h,0.2,0.2,0.762,5.9,4.1,2.8,4.064,4.064,0.2,8.5,0.508,1.1
5/17/2025,18:10:00 à 18:14:59h,0.2,0.5,0.508,2.1,2.3,1,0.762,1.524,9.5,5,0.508,0.6
5/17/2025,18:15:00 à 18:19:59h,0.6,0.7,0.508,0.5,1.5,0.6,0.762,0.762,12.3,2.2,0.762,0.6
5/17/2025,18:20:00 à 18:24:59h,0.4,0.6,0.508,0.7,0.4,0.5,0.508,0.508,1.8,0.6,13.97,0.7
5/17/2025,18:25:00 à 18:29:59h,0.6,0.6,0.762,0.5,0.6,0.7,0.508,0.508,0.3,0.8,0.762,0.5
5/17/2025,18:30:00 à 18:34:59h,0.6,0.6,0.508,0.5,0.6,0.4,0.508,0.762,0.7,0.5,0.254,0.4
5/17/2025,18:35:00 à 18:39:59h,0.2,0.7,0.762,0.3,0.4,0.4,0.254,0.254,0.5,0.4,0.254,0.6
5/17/2025,18:40:00 à 18:44:59h,0.2,0.4,0,0.3,0.5,0.4,0.254,0.508,0.5,0.4,0.508,0.2
5/17/2025,18:45:00 à 18:49:59h,0,0.2,0,0.1,0.3,0.1,0,0.254,0.5,0.4,0,0
5/17/2025,18:50:00 à 18:54:59h,0,0.1,0.254,0,0,0,0,0,0.4,0,0,0
5/17/2025,18:55:00 à 18:59:59h,0,0,0,0,0.1,0,0,0,0.2,0.1,0,0
5/17/2025,19:00:00 à 19:04:59h,0,0,0,0,0,0.1,0,0,0.1,0.1,0,0
5/17/2025,19:10:00 à 19:14:59h,0,0,0,0,0,0,0.254,0,0,0,0,0
5/17/2025,19:25:00 à 19:29:59h,0,0.1,0,0,0,0,0,0,0,0,0,0.1
5/17/2025,19:40:00 à 19:44:59h,0.2,0,0,0,0,0,0,0,0.1,0,0,0
5/17/2025,19:45:00 à 19:49:59h,0,0.1,0,0.1,0,0,0,0,0,0.1,0,0.1
5/17/2025,19:50:00 à 19:54:59h,0,0,0,0.1,0.1,0.1,0,0,0.1,0,0.254,0
5/17/2025,19:55:00 à 19:59:59h,0,0.1,0,0.1,0.2,0,0,0.254,0,0.1,0,0
5/17/2025,20:00:00 à 20:04:59h,0,0,0,0,0.1,0,0,0,0.1,0,0,0.1
5/17/2025,20:05:00 à 20:09:59h,0,0,0,0.1,0,0,0,0,0,0,0,0
5/17/2025,20:15:00 à 20:19:59h,0,0,0,0,0,0,0,0,0.1,0,0,0
5/17/2025,22:10:00 à 22:14:59h,0.2,0,0,0,0,0,0,0,0,0,0,0
5/17/2025,22:15:00 à 22:19:59h,0,0,0.254,0,0,0,0,0,0,0,0,0
5/17/2025,22:20:00 à 22:24:59h,0,0,0,0,0,0,0,0,0,0,0,0.4
5/17/2025,22:25:00 à 22:29:59h,0,0,0,0,0,0.1,0,0,0,0,0,0.1
5/17/2025,22:30:00 à 22:34:59h,0.4,0.9,0,0,0,0,0,0,0,0,0,0.1
5/17/2025,22:35:00 à 22:39:59h,0.2,0.7,0,0.1,0,0,0.254,0,0,0.1,0,0
5/17/2025,22:40:00 à 22:44:59h,0.2,0.2,0.508,0,0.2,0,0,0,0.4,0,0,0
5/17/2025,22:45:00 à 22:49:59h,0,0.1,0.508,0,0,0.1,0,0,0.2,0,0,0
5/17/2025,22:50:00 à 22:54:59h,0.2,0.2,0,0.1,0.1,0.4,0,0,0.1,0,0,0.1
5/17/2025,22:55:00 à 22:59:59h,0.2,0,0.254,0,0.2,0.2,0,0.254,0,0,0,0.2
5/17/2025,23:00:00 à 23:04:59h,0,0.2,0.254,0,0,0.1,0,0.254,0.1,0.1,0.254,0.2
5/17/2025,23:05:00 à 23:09:59h,0,0,0,0,0.1,0.1,0,0.254,0,0.1,0,0.1
5/17/2025,23:10:00 à 23:14:59h,0,0,0,0.1,0,0.1,0,0,0,0,0,0.1
5/17/2025,23:15:00 à 23:19:59h,0,0,0,0,0.1,0,0.254,0,0,0,0,0
5/17/2025,23:25:00 à 23:29:59h,0,0,0,0,0.1,0,0,0,0.1,0.1,0,0
5/18/2025,02:10:00 à 02:14:59h,0,0.1,0,0,0,0,0,0,0,0,0,0
5/18/2025,02:15:00 à 02:19:59h,0,0,0,0,0,0.1,0,0,0.1,0,0,0.1
5/18/2025,02:20:00 à 02:24:59h,0,0.1,0,0,0,0,0,0,0,0,0,0
5/18/2025,02:35:00 à 02:39:59h,0,0,0,0,0,0,0,0,0,0.1,0,0
5/18/2025,02:40:00 à 02:44:59h,0,0,0,0,0,0,0,0,0.1,0,0,0.1
5/18/2025,02:45:00 à 02:49:59h,0.2,0,0,0.1,0.1,0.1,0,0,0,0,0,0
5/18/2025,02:50:00 à 02:54:59h,0,0.1,0.254,0.1,0.1,0.2,0,0,0,0.1,0,0.3
5/18/2025,02:55:00 à 02:59:59h,0.4,0.4,0.254,0.2,0.2,0.4,0.254,0.254,0.3,0.2,0,0.2
5/18/2025,03:00:00 à 03:04:59h,0.2,0.3,0.254,0.2,0.2,0.2,0,0.254,0.3,0.4,0.254,0.2
5/18/2025,03:05:00 à 03:09:59h,0.2,0.4,0.508,0.3,0.3,0.2,0.254,0.254,0.4,0.4,0.254,0.4
5/18/2025,03:10:00 à 03:14:59h,0.4,0.5,0.508,0.3,0.6,0.5,0.508,0.254,0.2,0.2,0.254,0.4
5/18/2025,03:15:00 à 03:19:59h,0.4,0.6,0.508,0.3,0.4,0.4,0.254,0.254,0.3,0.3,0.254,0.3
5/18/2025,03:20:00 à 03:24:59h,0.2,0.5,0.254,0.3,0.3,0.4,0.254,0.508,0.3,0.4,0.254,0.3
5/18/2025,03:25:00 à 03:29:59h,0.2,0.4,0.508,0.3,0.3,0.3,0.254,0.254,0.3,0.3,0.254,0.2
5/18/2025,03:30:00 à 03:34:59h,0.2,0.8,0.254,0.1,0.2,0.2,0.254,0.508,0.3,0.3,0,0.2
5/18/2025,03:35:00 à 03:39:59h,0.2,0.5,0.254,0.1,0.2,0.2,0,0.254,0.2,0.1,0.254,0.1
5/18/2025,03:40:00 à 03:44:59h,0,0.1,0.254,0.3,0.1,0.1,0.254,0.254,0.2,0.2,0,0.1
5/18/2025,03:45:00 à 03:49:59h,0,0,0.254,0.3,0.3,0.2,0.254,0,0.1,0.1,0.508,0.1
5/18/2025,03:50:00 à 03:54:59h,0,0.1,0.254,0.3,0.8,0.4,0.508,0.508,0,0.1,0.254,0.7
5/18/2025,03:55:00 à 03:59:59h,0,0,0.508,0.4,0.9,0.6,0.508,0.762,0,0,0.254,0.7
5/18/2025,04:00:00 à 04:04:59h,0.2,0.1,0,0.4,0.6,0.3,0.254,0.254,0.1,0.2,0.762,0.3
5/18/2025,04:05:00 à 04:09:59h,0.2,0.1,0.254,0.3,0.3,0.2,0.508,0.254,0.1,0.2,0.254,0.3
5/18/2025,04:10:00 à 04:14:59h,0,0.2,0.254,0.6,0.4,0.1,0.254,0.254,0.1,0.3,0.508,0.3
5/18/2025,04:15:00 à 04:19:59h,0,0.1,0,0.3,0.3,0.2,0.254,0.254,0.3,0.1,0.508,0.2
5/18/2025,04:20:00 à 04:24:59h,0.2,0.2,0,0.2,0.3,0.2,0,0,0.2,0.2,0,0.1
5/18/2025,04:25:00 à 04:29:59h,0,0.1,0.254,0.1,0.1,0.1,0.254,0.254,0.1,0.2,0.254,0.2
5/18/2025,04:30:00 à 04:34:59h,0.2,0.1,0,0.1,0.1,0.2,0,0,0.2,0.1,0.254,0.2
5/18/2025,04:35:00 à 04:39:59h,0,0.1,0.254,0.1,0.1,0.2,0.254,0.254,0.1,0.1,0,0.1
5/18/2025,04:40:00 à 04:44:59h,0.2,0.1,0,0.2,0.1,0.1,0,0,0.2,0.3,0.254,0.1
5/18/2025,04:45:00 à 04:49:59h,0,0.1,0,0.1,0.2,0.1,0.254,0.254,0.2,0.1,0,0.1
5/18/2025,04:50:00 à 04:54:59h,0,0,0,0.1,0.2,0,0,0,0.1,0.1,0,0.1
5/18/2025,04:55:00 à 04:59:59h,0.2,0.1,0.254,0.1,0.1,0.1,0,0,0.1,0,0,0
5/18/2025,05:00:00 à 05:04:59h,0,0.1,0,0.1,0,0.1,0.254,0,0,0.1,0.254,0.1
5/18/2025,05:05:00 à 05:09:59h,0,0,0,0.1,0.1,0,0,0.254,0,0,0.254,0.2
5/18/2025,05:10:00 à 05:14:59h,0,0,0.254,0.1,0,0.2,0.254,0,0.1,0.1,0,0.1
5/18/2025,05:15:00 à 05:19:59h,0,0.1,0,0.2,0.1,0.1,0.254,0,0.1,0.1,0.254,0.1
5/18/2025,05:20:00 à 05:24:59h,0,0,0,0.2,0.1,0.1,0.254,0.254,0.1,0.1,0,0.1
5/18/2025,05:25:00 à 05:29:59h,0,0,0.254,0.1,0.2,0.1,0,0,0.1,0.1,0.254,0.1
5/18/2025,05:30:00 à 05:34:59h,0,0,0,0.2,0.1,0,0,0,0.1,0.1,0,0.1
5/18/2025,05:35:00 à 05:39:59h,0.2,0,0,0.1,0,0.1,0.254,0.254,0,0,0,0
5/18/2025,05:40:00 à 05:44:59h,0,0,0,0.1,0.1,0,0,0,0.1,0.1,0,0
5/18/2025,05:45:00 à 05:49:59h,0,0,0,0,0.1,0,0,0,0,0,0,0
5/18/2025,05:50:00 à 05:54:59h,0,0,0,0,0.1,0,0,0,0,0,0,0
5/18/2025,06:00:00 à 06:04:59h,0,0.1,0,0,0,0,0,0,0,0,0,0
5/18/2025,06:40:00 à 06:44:59h,0,0,0,0,0,0,0,0,0,0.1,0,0
5/18/2025,06:55:00 à 06:59:59h,0,0,0,0,0,0,0,0,0.1,0,0,0
5/18/2025,07:10:00 à 07:14:59h,0,0,0,0.1,0,0,0,0,0,0,0,0
5/18/2025,12:50:00 à 12:54:59h,0,0,0,0,0,0,0,0,0,0,0,0.1
5/18/2025,13:05:00 à 13:09:59h,0,0,0,0,0,0,0,0,0,0,0.508,0
5/18/2025,13:10:00 à 13:14:59h,0,0,0,0,0,0,0.254,0,0,0,1.016,0
5/18/2025,13:15:00 à 13:19:59h,0,0,0,0.2,0,0,0,0,0,0,0.254,0
5/18/2025,13:25:00 à 13:29:59h,0,0,0,0.1,0,0,0,0,0,0,0,0
5/18/2025,17:50:00 à 17:54:59h,0,0,0,0,0,0,0,0,0,0.1,0,0
5/18/2025,18:00:00 à 18:04:59h,0,0,0,0,0,0.1,0,0,0.1,0,0,0
5/18/2025,18:10:00 à 18:14:59h,0,0,0,0,0,0,0,0,0,0.1,0,0
5/18/2025,18:20:00 à 18:24:59h,0,0,0,0,0.2,0,0,0,0,0,0,0
5/18/2025,18:25:00 à 18:29:59h,0,0.2,0,0,0.1,0,0,0,0.1,0,0,0
5/18/2025,18:30:00 à 18:34:59h,0,0,0,0.1,0.2,0,0,0,0.1,0.1,0,0
5/18/2025,18:35:00 à 18:39:59h,0,0,0,0.1,0.3,0,0,0,0.1,0.1,0,0
5/18/2025,18:40:00 à 18:44:59h,0,0.1,0,0.1,0.6,0.1,0.254,0,0.1,0.1,0,0.1
5/18/2025,18:45:00 à 18:49:59h,0,0,0,0.3,0.1,0.1,0.254,0.254,0.1,0.1,0.254,0
5/18/2025,18:50:00 à 18:54:59h,0,0,0,0.6,0.1,0.1,0,0,0,0.1,0,0
5/18/2025,18:55:00 à 18:59:59h,0,0,0,0.2,0.1,0.2,0.254,0.254,0.1,0.1,0,0.2
5/18/2025,19:00:00 à 19:04:59h,0,0,0,0.1,0,0.1,0,0,0,0,0.254,0.1
5/18/2025,19:05:00 à 19:09:59h,0,0,0,0,0,0.1,0.254,0,0.1,0.1,0.254,0.1
5/18/2025,19:10:00 à 19:14:59h,0,0.1,0,0.1,0.1,0,0,0,0,0.1,0,0.1
5/18/2025,19:15:00 à 19:19:59h,0,0,0,0,0,0.1,0,0.254,0,0.1,0,0
5/18/2025,19:20:00 à 19:24:59h,0,0,0,0,0,0.1,0,0,0.1,0,0,0
5/18/2025,19:25:00 à 19:29:59h,0,0,0,0.1,0.1,0,0,0,0,0,0,0.1
5/18/2025,19:30:00 à 19:34:59h,0,0,0,0,0,0,0,0,0,0,0.254,0
5/18/2025,19:35:00 à 19:39:59h,0,0,0,0.1,0,0,0,0,0,0,0,0
5/18/2025,19:55:00 à 19:59:59h,0,0,0,0,0.1,0,0,0,0,0,0,0
5/18/2025,20:15:00 à 20:19:59h,0,0.1,0,0,0,0,0,0,0,0,0,0
5/18/2025,20:40:00 à 20:44:59h,0.2,0,0,0,0,0,0,0,0,0,0,0
5/18/2025,21:05:00 à 21:09:59h,0,0,0,0,0.1,0,0,0,0,0.1,0,0
5/18/2025,21:15:00 à 21:19:59h,0.2,0,0,0,0,0,0,0,0,0,0,0
5/18/2025,21:25:00 à 21:29:59h,0,0,0,0,0,0.1,0,0,0,0,0,0
5/18/2025,21:30:00 à 21:34:59h,0,0.1,0,0,0,0.1,0,0,0,0,0,0
5/18/2025,21:35:00 à 21:39:59h,0,0,0,0.1,0,0,0,0,0,0.1,0,0.1
5/18/2025,21:40:00 à 21:44:59h,0,0,0,0,0,0.1,0,0,0,0,0,0
5/18/2025,21:45:00 à 21:49:59h,0,0,0,0.1,0.1,0,0.254,0,0,0,0,0
5/18/2025,21:50:00 à 21:54:59h,0,0,0,0.1,0,0,0,0,0,0,0,0
5/18/2025,22:00:00 à 22:04:59h,0,0,0,0,0.1,0,0,0,0,0,0,0
5/18/2025,22:05:00 à 22:09:59h,0,0.1,0,0.1,0,0,0,0,0,0,0,0
5/18/2025,22:15:00 à 22:19:59h,0,0,0,0,0.1,0,0,0,0,0,0,0
5/18/2025,22:25:00 à 22:29:59h,0,0,0,0,0.1,0,0,0,0,0,0,0
5/18/2025,22:45:00 à 22:49:59h,0,0,0,0.1,0.1,0,0,0,0,0,0,0
5/18/2025,23:10:00 à 23:14:59h,0,0.1,0,0,0.1,0.1,0,0,0,0,0,0
5/18/2025,23:15:00 à 23:19:59h,0,0,0,0,0,0,0,0,0.1,0,0,0
5/18/2025,23:20:00 à 23:24:59h,0,0,0,0.1,0,0.1,0,0,0,0.1,0,0.1
5/18/2025,23:25:00 à 23:29:59h,0,0,0,0,0,0.1,0,0,0,0,0,0
5/18/2025,23:30:00 à 23:34:59h,0,0,0,0.1,0,0,0,0,0,0,0,0.1
5/18/2025,23:35:00 à 23:39:59h,0,0,0,0,0,0.1,0,0,0,0.1,0,0.1
5/18/2025,23:40:00 à 23:44:59h,0,0,0,0.1,0,0.1,0,0.254,0.1,0,0.254,0.1
5/18/2025,23:45:00 à 23:49:59h,0,0.1,0,0,0.1,0,0,0,0,0,0,0
5/18/2025,23:50:00 à 23:54:59h,0.2,0,0,0.1,0,0.1,0,0,0.1,0.1,0,0.1
5/18/2025,23:55:00 à 23:59:59h,0,0,0,0.1,0.1,0.1,0.254,0,0,0.1,0,0
5/19/2025,00:00:00 à 00:04:59h,0,0,0,0.1,0.1,0,0,0,0.1,0,0,0
5/19/2025,00:05:00 à 00:09:59h,0,0,0,0.1,0.1,0.1,0,0,0,0.1,0,0.1
5/19/2025,00:10:00 à 00:14:59h,0,0,0,0,0.1,0,0,0.254,0.1,0.1,0,0
5/19/2025,00:15:00 à 00:19:59h,0,0.1,0,0.1,0.1,0.1,0,0,0.1,0.1,0,0.1
5/19/2025,00:20:00 à 00:24:59h,0,0,0,0.1,0.1,0.1,0.254,0,0,0,0,0
5/19/2025,00:25:00 à 00:29:59h,0,0,0,0.1,0,0,0,0,0,0,0,0.1
5/19/2025,00:30:00 à 00:34:59h,0,0.1,0,0.1,0.1,0.1,0,0,0.1,0.1,0.254,0
5/19/2025,00:35:00 à 00:39:59h,0.2,0,0,0,0,0,0,0,0.1,0,0,0.1
5/19/2025,00:40:00 à 00:44:59h,0,0,0,0,0.1,0,0,0,0,0.1,0,0
5/19/2025,00:45:00 à 00:49:59h,0,0,0.254,0.1,0,0.1,0,0,0,0,0,0
5/19/2025,00:50:00 à 00:54:59h,0,0,0,0,0.2,0,0,0,0.1,0.1,0,0
5/19/2025,00:55:00 à 00:59:59h,0,0,0,0.1,0,0,0,0,0,0,0,0.1
TOTAL,  57.400 mm,  70.200 mm,  72.644 mm,  59.200 mm,  55.400 mm,  72.300 mm,  59.690 mm,  74.422 mm,  74.700 mm,  70.800 mm,  63.246 mm,  72.500 mm,
