,DEA,CRG,RFO,LEN,CJD,SPH,CJC,SPQ,BRO,SES,ASC,JMJ
2025-05-17 00:00:00,,,,,,,,,,,,
2025-05-17 00:05:00,0,0,0,0.1,0,0,0,0,0,0,0,0.0
2025-05-17 00:10:00,,,,,,,,,,,,
2025-05-17 00:15:00,,,,,,,,,,,,
2025-05-17 00:20:00,,,,,,,,,,,,
2025-05-17 00:25:00,,,,,,,,,,,,
2025-05-17 00:30:00,,,,,,,,,,,,
2025-05-17 00:35:00,,,,,,,,,,,,
2025-05-17 00:40:00,,,,,,,,,,,,
2025-05-17 00:45:00,,,,,,,,,,,,
2025-05-17 00:50:00,,,,,,,,,,,,
2025-05-17 00:55:00,,,,,,,,,,,,
2025-05-17 01:00:00,,,,,,,,,,,,
2025-05-17 01:05:00,,,,,,,,,,,,
2025-05-17 01:10:00,,,,,,,,,,,,
2025-05-17 01:15:00,,,,,,,,,,,,
2025-05-17 01:20:00,,,,,,,,,,,,
2025-05-17 01:25:00,,,,,,,,,,,,
2025-05-17 01:30:00,,,,,,,,,,,,
2025-05-17 01:35:00,,,,,,,,,,,,
2025-05-17 01:40:00,,,,,,,,,,,,
2025-05-17 01:45:00,,,,,,,,,,,,
2025-05-17 01:50:00,,,,,,,,,,,,
2025-05-17 01:55:00,0,0,0,0,0,0,0,0,0.1,0,0,0.0
2025-05-17 02:00:00,,,,,,,,,,,,
2025-05-17 02:05:00,,,,,,,,,,,,
2025-05-17 02:10:00,,,,,,,,,,,,
2025-05-17 02:15:00,,,,,,,,,,,,
2025-05-17 02:20:00,,,,,,,,,,,,
2025-05-17 02:25:00,,,,,,,,,,,,
2025-05-17 02:30:00,,,,,,,,,,,,
2025-05-17 02:35:00,,,,,,,,,,,,
2025-05-17 02:40:00,,,,,,,,,,,,
2025-05-17 02:45:00,0,0,0,0,0,0,0,0,0,0.1,0,0.0
2025-05-17 02:50:00,,,,,,,,,,,,
2025-05-17 02:55:00,,,,,,,,,,,,
2025-05-17 03:00:00,,,,,,,,,,,,
2025-05-17 03:05:00,,,,,,,,,,,,
2025-05-17 03:10:00,,,,,,,,,,,,
2025-05-17 03:15:00,,,,,,,,,,,,
2025-05-17 03:20:00,0,0.1,0,0,0,0,0,0,0,0,0,0.0
2025-05-17 03:25:00,,,,,,,,,,,,
2025-05-17 03:30:00,,,,,,,,,,,,
2025-05-17 03:35:00,,,,,,,,,,,,
2025-05-17 03:40:00,,,,,,,,,,,,
2025-05-17 03:45:00,,,,,,,,,,,,
2025-05-17 03:50:00,,,,,,,,,,,,
2025-05-17 03:55:00,,,,,,,,,,,,
2025-05-17 04:00:00,,,,,,,,,,,,
2025-05-17 04:05:00,,,,,,,,,,,,
2025-05-17 04:10:00,,,,,,,,,,,,
2025-05-17 04:15:00,,,,,,,,,,,,
2025-05-17 04:20:00,,,,,,,,,,,,
2025-05-17 04:25:00,,,,,,,,,,,,
2025-05-17 04:30:00,,,,,,,,,,,,
2025-05-17 04:35:00,0,0,0,0,0,0.1,0,0,0,0,0,0.0
2025-05-17 04:40:00,,,,,,,,,,,,
2025-05-17 04:45:00,,,,,,,,,,,,
2025-05-17 04:50:00,,,,,,,,,,,,
2025-05-17 04:55:00,,,,,,,,,,,,
2025-05-17 05:00:00,0,0,0,0,0.1,0,0,0,0,0,0,0.0
2025-05-17 05:05:00,,,,,,,,,,,,
2025-05-17 05:10:00,,,,,,,,,,,,
2025-05-17 05:15:00,,,,,,,,,,,,
2025-05-17 05:20:00,,,,,,,,,,,,
2025-05-17 05:25:00,,,,,,,,,,,,
2025-05-17 05:30:00,,,,,,,,,,,,
2025-05-17 05:35:00,,,,,,,,,,,,
2025-05-17 05:40:00,0,0,0,0.1,0,0,0,0,0,0,0,0.0
2025-05-17 05:45:00,,,,,,,,,,,,
2025-05-17 05:50:00,,,,,,,,,,,,
2025-05-17 05:55:00,,,,,,,,,,,,
2025-05-17 06:00:00,,,,,,,,,,,,
2025-05-17 06:05:00,,,,,,,,,,,,
2025-05-17 06:10:00,,,,,,,,,,,,
2025-05-17 06:15:00,,,,,,,,,,,,
2025-05-17 06:20:00,,,,,,,,,,,,
2025-05-17 06:25:00,,,,,,,,,,,,
2025-05-17 06:30:00,,,,,,,,,,,,
2025-05-17 06:35:00,,,,,,,,,,,,
2025-05-17 06:40:00,0.2,0,0,0,0,0,0,0,0,0,0,0.0
2025-05-17 06:45:00,,,,,,,,,,,,
2025-05-17 06:50:00,,,,,,,,,,,,
2025-05-17 06:55:00,,,,,,,,,,,,
2025-05-17 07:00:00,,,,,,,,,,,,
2025-05-17 07:05:00,,,,,,,,,,,,
2025-05-17 07:10:00,,,,,,,,,,,,
2025-05-17 07:15:00,,,,,,,,,,,,
2025-05-17 07:20:00,,,,,,,,,,,,
2025-05-17 07:25:00,0,0.1,0,0,0,0,0,0,0,0,0,0.0
2025-05-17 07:30:00,,,,,,,,,,,,
2025-05-17 07:35:00,,,,,,,,,,,,
2025-05-17 07:40:00,0,1.8,0,0,0,0,0,0,0,0,0,0.0
2025-05-17 07:45:00,2.2,4.3,0,0,0,0,0,0,0,0,0,0.0
2025-05-17 07:50:00,1.8,3.5,0.254,0,0,0,0,0,0,0,0,0.0
2025-05-17 07:55:00,0,2.6,0.254,0,0,0,0,0,0.3,0.2,0,0.1
2025-05-17 08:00:00,0,1,0.254,0,0,0.1,0,0,3.6,0.6,0,0.2
2025-05-17 08:05:00,0.2,0,0,0.1,0,0.3,0,0,1.5,0.2,0,0.4
2025-05-17 08:10:00,0.6,0,0.762,0.1,0,0.2,0.254,0.254,1.1,0.1,0,0.1
2025-05-17 08:15:00,5.4,0.1,0.508,0,0.6,0.1,0,0.254,0.2,0.2,0,0.1
2025-05-17 08:20:00,3.6,0.4,0.508,0.1,0.1,0.4,0,0,0,0.1,0.508,1.9
2025-05-17 08:25:00,0,1.3,0,0.1,0.2,2,1.27,0.254,0,0.4,1.27,1.1
2025-05-17 08:30:00,0,1.1,0,0.8,0.3,0.9,0.508,4.318,0,0.6,0,0.2
2025-05-17 08:35:00,0,0.1,0,0,1.7,0.1,0,0.508,0.5,3.7,0,0.0
2025-05-17 08:40:00,0,0,0,0,0.1,0,0,0,2,0.8,0,0.0
2025-05-17 08:45:00,0,0,0,0,0,0,0,0,0.7,0,0,0.0
2025-05-17 08:50:00,0.2,0,0,0,0,0,0,0,0.2,0,0,0.0
2025-05-17 08:55:00,,,,,,,,,,,,
2025-05-17 09:00:00,,,,,,,,,,,,
2025-05-17 09:05:00,0,0,0,0,0,0,0,0,0.4,0,0.254,0.0
2025-05-17 09:10:00,0,0,0,0,0,0,0,0,0.6,0,0,0.0
2025-05-17 09:15:00,0,0,0,0,0,0,0,0,0.4,0,0,0.0
2025-05-17 09:20:00,0,0,0,0,0,0,0,0,0,0.1,0,0.0
2025-05-17 09:25:00,0,0,0,0,0,0,0,0,0.1,0,0,0.0
2025-05-17 09:30:00,,,,,,,,,,,,
2025-05-17 09:35:00,,,,,,,,,,,,
2025-05-17 09:40:00,,,,,,,,,,,,
2025-05-17 09:45:00,,,,,,,,,,,,
2025-05-17 09:50:00,,,,,,,,,,,,
2025-05-17 09:55:00,,,,,,,,,,,,
2025-05-17 10:00:00,,,,,,,,,,,,
2025-05-17 10:05:00,,,,,,,,,,,,
2025-05-17 10:10:00,,,,,,,,,,,,
2025-05-17 10:15:00,,,,,,,,,,,,
2025-05-17 10:20:00,,,,,,,,,,,,
2025-05-17 10:25:00,,,,,,,,,,,,
2025-05-17 10:30:00,,,,,,,,,,,,
2025-05-17 10:35:00,,,,,,,,,,,,
2025-05-17 10:40:00,,,,,,,,,,,,
2025-05-17 10:45:00,,,,,,,,,,,,
2025-05-17 10:50:00,,,,,,,,,,,,
2025-05-17 10:55:00,,,,,,,,,,,,
2025-05-17 11:00:00,,,,,,,,,,,,
2025-05-17 11:05:00,,,,,,,,,,,,
2025-05-17 11:10:00,,,,,,,,,,,,
2025-05-17 11:15:00,,,,,,,,,,,,
2025-05-17 11:20:00,,,,,,,,,,,,
2025-05-17 11:25:00,,,,,,,,,,,,
2025-05-17 11:30:00,,,,,,,,,,,,
2025-05-17 11:35:00,0,0.1,0,0,0,0,0,0,0,0,0,0.0
2025-05-17 11:40:00,0,0.1,0,0,0,0,0,0,0,0,0,0.0
2025-05-17 11:45:00,0,0.1,0,0,0,0,0,0,0,0,0,0.0
2025-05-17 11:50:00,0.2,0.3,0.254,0.1,0,0,0,0,0,0,0,0.0
2025-05-17 11:55:00,0.4,0.2,0,0.4,0,0,0.254,0,0,0,0,0.1
2025-05-17 12:00:00,0.2,0.4,0.508,0.2,0.3,0.1,0.254,0.254,0,0,0.254,0.2
2025-05-17 12:05:00,0.4,0.4,0.508,0.1,0.3,0.2,0,0.254,0.2,0.2,0,0.2
2025-05-17 12:10:00,0.4,0.4,0.254,0.3,0.1,0.1,0.254,0.254,0.3,0.3,0.508,0.1
2025-05-17 12:15:00,0.2,0.6,0.762,0.2,0.5,0.5,0.254,0.762,0.5,0.4,0.254,0.5
2025-05-17 12:20:00,0.2,0.3,0.254,0.2,0.4,0.5,0.254,0.508,0.4,0.6,0,0.3
2025-05-17 12:25:00,0.2,0.1,0,0.5,0.1,0.3,0,0.254,0.5,0.6,0.254,0.3
2025-05-17 12:30:00,0,0.1,0.254,1.1,0.1,0.3,0.508,0.254,0.3,0.2,0.508,0.3
2025-05-17 12:35:00,0,0,0,1.2,0.5,0.2,0.254,0,0.2,0.2,0.254,0.1
2025-05-17 12:40:00,0,0,0.254,0.1,0.5,0.5,0.254,0.254,0,0.1,0.254,1.3
2025-05-17 12:45:00,0.4,0,0.254,0.3,0.1,1.2,0.508,0.762,0,0.6,0.762,0.3
2025-05-17 12:50:00,1.8,0,1.27,0.5,0.4,0.2,1.27,0.508,0.1,0.1,1.524,0.2
2025-05-17 12:55:00,0.8,1.8,2.54,0.3,0.9,0.4,0.508,0,0.1,0.5,0.508,1.2
2025-05-17 13:00:00,1,1.1,2.794,0.2,0.5,1.5,0.762,1.27,0.7,0.6,0.508,1.6
2025-05-17 13:05:00,2.8,2,2.54,0.1,0.5,1.6,1.016,1.524,1.5,1.5,1.27,2.4
2025-05-17 13:10:00,2.2,3.8,6.096,0.4,1.1,3.6,1.016,2.794,1.2,2.6,1.016,1.9
2025-05-17 13:15:00,1.2,2.6,3.302,0.2,0.4,3,0.762,1.524,1.2,2.3,1.016,3.3
2025-05-17 13:20:00,2.2,1.4,2.032,1.9,1.6,4.2,2.794,3.048,2.4,2.8,1.778,3.2
2025-05-17 13:25:00,1,3.1,5.588,3,2.6,4.1,2.54,3.302,1.2,2.9,1.778,5.6
2025-05-17 13:30:00,1,0.8,2.794,3.6,2.2,6.7,4.572,7.62,1.3,2.4,0.508,3.8
2025-05-17 13:35:00,0.6,0.7,0.762,4.4,4.1,1.2,3.302,4.826,2.8,3.7,10.668,1.7
2025-05-17 13:40:00,0.2,0.4,0.254,3.2,2.3,1.5,3.302,2.032,1.3,1,3.048,2.5
2025-05-17 13:45:00,0.6,0.4,0.254,2.4,2,0.3,2.032,1.27,0.5,0.6,0.762,0.2
2025-05-17 13:50:00,0.6,0.8,0.254,1.3,0.8,0.3,0.254,0.254,0.3,0.3,0.508,0.4
2025-05-17 13:55:00,0.2,0.8,0.254,0.5,0.3,0.2,0.254,0.254,0.1,0.1,0.254,0.1
2025-05-17 14:00:00,0.4,0.6,0.254,0.2,0.2,0.2,0.254,0.254,0.2,0.3,0.254,0.3
2025-05-17 14:05:00,0.2,0.4,0.508,0.4,0.1,0.3,0,0,0.6,0.3,0.254,0.4
2025-05-17 14:10:00,0,0.2,0,0.2,0.2,0.2,0,0.254,0.5,0.4,0,0.1
2025-05-17 14:15:00,0,0,0,0,0,0,0.254,0,0.2,0.2,0,0.0
2025-05-17 14:20:00,0,0,0,0,0.1,0,0,0,0,0,0,0.0
2025-05-17 14:25:00,,,,,,,,,,,,
2025-05-17 14:30:00,,,,,,,,,,,,
2025-05-17 14:35:00,,,,,,,,,,,,
2025-05-17 14:40:00,,,,,,,,,,,,
2025-05-17 14:45:00,,,,,,,,,,,,
2025-05-17 14:50:00,,,,,,,,,,,,
2025-05-17 14:55:00,,,,,,,,,,,,
2025-05-17 15:00:00,,,,,,,,,,,,
2025-05-17 15:05:00,,,,,,,,,,,,
2025-05-17 15:10:00,,,,,,,,,,,,
2025-05-17 15:15:00,,,,,,,,,,,,
2025-05-17 15:20:00,,,,,,,,,,,,
2025-05-17 15:25:00,,,,,,,,,,,,
2025-05-17 15:30:00,,,,,,,,,,,,
2025-05-17 15:35:00,,,,,,,,,,,,
2025-05-17 15:40:00,,,,,,,,,,,,
2025-05-17 15:45:00,,,,,,,,,,,,
2025-05-17 15:50:00,,,,,,,,,,,,
2025-05-17 15:55:00,,,,,,,,,,,,
2025-05-17 16:00:00,,,,,,,,,,,,
2025-05-17 16:05:00,,,,,,,,,,,,
2025-05-17 16:10:00,,,,,,,,,,,,
2025-05-17 16:15:00,,,,,,,,,,,,
2025-05-17 16:20:00,,,,,,,,,,,,
2025-05-17 16:25:00,,,,,,,,,,,,
2025-05-17 16:30:00,,,,,,,,,,,,
2025-05-17 16:35:00,0,0,0,0.1,0,0,0,0,0,0,0,0.0
2025-05-17 16:40:00,,,,,,,,,,,,
2025-05-17 16:45:00,0,0,0,0,0,0,0,0,0,0,0,0.1
2025-05-17 16:50:00,0.2,0,0,0.1,0,0.1,0,0,0,0,0.254,0.0
2025-05-17 16:55:00,0.2,0,0,0.2,0,0,0,0,0,0,0,0.1
2025-05-17 17:00:00,0.6,0,0.508,0.1,0.1,0.1,0.254,0.254,0,0,0,0.1
2025-05-17 17:05:00,0.4,0.2,0.508,0.2,0.1,0,0,0,0,0,0.508,0.6
2025-05-17 17:10:00,1,0.3,1.524,0.1,0.1,0.9,0.254,0,0.1,0.1,0,0.9
2025-05-17 17:15:00,0.6,1.7,1.016,0.2,0.3,0.5,0.254,0.762,0.1,0.4,0.508,0.7
2025-05-17 17:20:00,1.8,3.7,0.508,0.2,0.4,1.3,0.254,0.762,0.3,0.5,0,0.5
2025-05-17 17:25:00,2.6,2.8,0.254,0.1,0.2,0.3,0,0.254,0.5,1.5,0.254,0.3
2025-05-17 17:30:00,1.8,1.3,0.508,0.2,0.2,0.2,0.254,0.254,0.5,0.4,0.254,0.3
2025-05-17 17:35:00,2,1.6,0.762,0.3,0.2,0.3,0.254,0.254,0.5,0.2,0.254,0.3
2025-05-17 17:40:00,1.6,0.7,3.302,0.3,0.2,0.4,0.254,0.254,0.3,0.4,0.254,0.4
2025-05-17 17:45:00,0.6,1,5.588,0.6,0.2,0.4,0.254,0.254,0.5,0.3,0.508,0.5
2025-05-17 17:50:00,0.4,0.7,4.318,0.7,0.4,0.7,0.508,0.508,3.7,0.7,0.508,2.2
2025-05-17 17:55:00,0.4,0.5,2.286,1,0.4,5.2,2.286,1.016,2,1.2,0.762,7.6
2025-05-17 18:00:00,0.2,0.5,1.016,2.9,1.8,6.6,7.874,11.684,0.2,4.4,0.508,5.8
2025-05-17 18:05:00,0.2,0.2,0.762,5.9,4.1,2.8,4.064,4.064,0.2,8.5,0.508,1.1
2025-05-17 18:10:00,0.2,0.5,0.508,2.1,2.3,1,0.762,1.524,9.5,5,0.508,0.6
2025-05-17 18:15:00,0.6,0.7,0.508,0.5,1.5,0.6,0.762,0.762,12.3,2.2,0.762,0.6
2025-05-17 18:20:00,0.4,0.6,0.508,0.7,0.4,0.5,0.508,0.508,1.8,0.6,13.97,0.7
2025-05-17 18:25:00,0.6,0.6,0.762,0.5,0.6,0.7,0.508,0.508,0.3,0.8,0.762,0.5
2025-05-17 18:30:00,0.6,0.6,0.508,0.5,0.6,0.4,0.508,0.762,0.7,0.5,0.254,0.4
2025-05-17 18:35:00,0.2,0.7,0.762,0.3,0.4,0.4,0.254,0.254,0.5,0.4,0.254,0.6
2025-05-17 18:40:00,0.2,0.4,0,0.3,0.5,0.4,0.254,0.508,0.5,0.4,0.508,0.2
2025-05-17 18:45:00,0,0.2,0,0.1,0.3,0.1,0,0.254,0.5,0.4,0,0.0
2025-05-17 18:50:00,0,0.1,0.254,0,0,0,0,0,0.4,0,0,0.0
2025-05-17 18:55:00,0,0,0,0,0.1,0,0,0,0.2,0.1,0,0.0
2025-05-17 19:00:00,0,0,0,0,0,0.1,0,0,0.1,0.1,0,0.0
2025-05-17 19:05:00,,,,,,,,,,,,
2025-05-17 19:10:00,0,0,0,0,0,0,0.254,0,0,0,0,0.0
2025-05-17 19:15:00,,,,,,,,,,,,
2025-05-17 19:20:00,,,,,,,,,,,,
2025-05-17 19:25:00,0,0.1,0,0,0,0,0,0,0,0,0,0.1
2025-05-17 19:30:00,,,,,,,,,,,,
2025-05-17 19:35:00,,,,,,,,,,,,
2025-05-17 19:40:00,0.2,0,0,0,0,0,0,0,0.1,0,0,0.0
2025-05-17 19:45:00,0,0.1,0,0.1,0,0,0,0,0,0.1,0,0.1
2025-05-17 19:50:00,0,0,0,0.1,0.1,0.1,0,0,0.1,0,0.254,0.0
2025-05-17 19:55:00,0,0.1,0,0.1,0.2,0,0,0.254,0,0.1,0,0.0
2025-05-17 20:00:00,0,0,0,0,0.1,0,0,0,0.1,0,0,0.1
2025-05-17 20:05:00,0,0,0,0.1,0,0,0,0,0,0,0,0.0
2025-05-17 20:10:00,,,,,,,,,,,,
2025-05-17 20:15:00,0,0,0,0,0,0,0,0,0.1,0,0,0.0
2025-05-17 20:20:00,,,,,,,,,,,,
2025-05-17 20:25:00,,,,,,,,,,,,
2025-05-17 20:30:00,,,,,,,,,,,,
2025-05-17 20:35:00,,,,,,,,,,,,
2025-05-17 20:40:00,,,,,,,,,,,,
2025-05-17 20:45:00,,,,,,,,,,,,
2025-05-17 20:50:00,,,,,,,,,,,,
2025-05-17 20:55:00,,,,,,,,,,,,
2025-05-17 21:00:00,,,,,,,,,,,,
2025-05-17 21:05:00,,,,,,,,,,,,
2025-05-17 21:10:00,,,,,,,,,,,,
2025-05-17 21:15:00,,,,,,,,,,,,
2025-05-17 21:20:00,,,,,,,,,,,,
2025-05-17 21:25:00,,,,,,,,,,,,
2025-05-17 21:30:00,,,,,,,,,,,,
2025-05-17 21:35:00,,,,,,,,,,,,
2025-05-17 21:40:00,,,,,,,,,,,,
2025-05-17 21:45:00,,,,,,,,,,,,
2025-05-17 21:50:00,,,,,,,,,,,,
2025-05-17 21:55:00,,,,,,,,,,,,
2025-05-17 22:00:00,,,,,,,,,,,,
2025-05-17 22:05:00,,,,,,,,,,,,
2025-05-17 22:10:00,0.2,0,0,0,0,0,0,0,0,0,0,0.0
2025-05-17 22:15:00,0,0,0.254,0,0,0,0,0,0,0,0,0.0
2025-05-17 22:20:00,0,0,0,0,0,0,0,0,0,0,0,0.4
2025-05-17 22:25:00,0,0,0,0,0,0.1,0,0,0,0,0,0.1
2025-05-17 22:30:00,0.4,0.9,0,0,0,0,0,0,0,0,0,0.1
2025-05-17 22:35:00,0.2,0.7,0,0.1,0,0,0.254,0,0,0.1,0,0.0
2025-05-17 22:40:00,0.2,0.2,0.508,0,0.2,0,0,0,0.4,0,0,0.0
2025-05-17 22:45:00,0,0.1,0.508,0,0,0.1,0,0,0.2,0,0,0.0
2025-05-17 22:50:00,0.2,0.2,0,0.1,0.1,0.4,0,0,0.1,0,0,0.1
2025-05-17 22:55:00,0.2,0,0.254,0,0.2,0.2,0,0.254,0,0,0,0.2
2025-05-17 23:00:00,0,0.2,0.254,0,0,0.1,0,0.254,0.1,0.1,0.254,0.2
2025-05-17 23:05:00,0,0,0,0,0.1,0.1,0,0.254,0,0.1,0,0.1
2025-05-17 23:10:00,0,0,0,0.1,0,0.1,0,0,0,0,0,0.1
2025-05-17 23:15:00,0,0,0,0,0.1,0,0.254,0,0,0,0,0.0
2025-05-17 23:20:00,,,,,,,,,,,,
2025-05-17 23:25:00,0,0,0,0,0.1,0,0,0,0.1,0.1,0,0.0
2025-05-17 23:30:00,,,,,,,,,,,,
2025-05-17 23:35:00,,,,,,,,,,,,
2025-05-17 23:40:00,,,,,,,,,,,,
2025-05-17 23:45:00,,,,,,,,,,,,
2025-05-17 23:50:00,,,,,,,,,,,,
2025-05-17 23:55:00,,,,,,,,,,,,
2025-05-18 00:00:00,,,,,,,,,,,,
2025-05-18 00:05:00,,,,,,,,,,,,
2025-05-18 00:10:00,,,,,,,,,,,,
2025-05-18 00:15:00,,,,,,,,,,,,
2025-05-18 00:20:00,,,,,,,,,,,,
2025-05-18 00:25:00,,,,,,,,,,,,
2025-05-18 00:30:00,,,,,,,,,,,,
2025-05-18 00:35:00,,,,,,,,,,,,
2025-05-18 00:40:00,,,,,,,,,,,,
2025-05-18 00:45:00,,,,,,,,,,,,
2025-05-18 00:50:00,,,,,,,,,,,,
2025-05-18 00:55:00,,,,,,,,,,,,
2025-05-18 01:00:00,,,,,,,,,,,,
2025-05-18 01:05:00,,,,,,,,,,,,
2025-05-18 01:10:00,,,,,,,,,,,,
2025-05-18 01:15:00,,,,,,,,,,,,
2025-05-18 01:20:00,,,,,,,,,,,,
2025-05-18 01:25:00,,,,,,,,,,,,
2025-05-18 01:30:00,,,,,,,,,,,,
2025-05-18 01:35:00,,,,,,,,,,,,
2025-05-18 01:40:00,,,,,,,,,,,,
2025-05-18 01:45:00,,,,,,,,,,,,
2025-05-18 01:50:00,,,,,,,,,,,,
2025-05-18 01:55:00,,,,,,,,,,,,
2025-05-18 02:00:00,,,,,,,,,,,,
2025-05-18 02:05:00,,,,,,,,,,,,
2025-05-18 02:10:00,0,0.1,0,0,0,0,0,0,0,0,0,0.0
2025-05-18 02:15:00,0,0,0,0,0,0.1,0,0,0.1,0,0,0.1
2025-05-18 02:20:00,0,0.1,0,0,0,0,0,0,0,0,0,0.0
2025-05-18 02:25:00,,,,,,,,,,,,
2025-05-18 02:30:00,,,,,,,,,,,,
2025-05-18 02:35:00,0,0,0,0,0,0,0,0,0,0.1,0,0.0
2025-05-18 02:40:00,0,0,0,0,0,0,0,0,0.1,0,0,0.1
2025-05-18 02:45:00,0.2,0,0,0.1,0.1,0.1,0,0,0,0,0,0.0
2025-05-18 02:50:00,0,0.1,0.254,0.1,0.1,0.2,0,0,0,0.1,0,0.3
2025-05-18 02:55:00,0.4,0.4,0.254,0.2,0.2,0.4,0.254,0.254,0.3,0.2,0,0.2
2025-05-18 03:00:00,0.2,0.3,0.254,0.2,0.2,0.2,0,0.254,0.3,0.4,0.254,0.2
2025-05-18 03:05:00,0.2,0.4,0.508,0.3,0.3,0.2,0.254,0.254,0.4,0.4,0.254,0.4
2025-05-18 03:10:00,0.4,0.5,0.508,0.3,0.6,0.5,0.508,0.254,0.2,0.2,0.254,0.4
2025-05-18 03:15:00,0.4,0.6,0.508,0.3,0.4,0.4,0.254,0.254,0.3,0.3,0.254,0.3
2025-05-18 03:20:00,0.2,0.5,0.254,0.3,0.3,0.4,0.254,0.508,0.3,0.4,0.254,0.3
2025-05-18 03:25:00,0.2,0.4,0.508,0.3,0.3,0.3,0.254,0.254,0.3,0.3,0.254,0.2
2025-05-18 03:30:00,0.2,0.8,0.254,0.1,0.2,0.2,0.254,0.508,0.3,0.3,0,0.2
2025-05-18 03:35:00,0.2,0.5,0.254,0.1,0.2,0.2,0,0.254,0.2,0.1,0.254,0.1
2025-05-18 03:40:00,0,0.1,0.254,0.3,0.1,0.1,0.254,0.254,0.2,0.2,0,0.1
2025-05-18 03:45:00,0,0,0.254,0.3,0.3,0.2,0.254,0,0.1,0.1,0.508,0.1
2025-05-18 03:50:00,0,0.1,0.254,0.3,0.8,0.4,0.508,0.508,0,0.1,0.254,0.7
2025-05-18 03:55:00,0,0,0.508,0.4,0.9,0.6,0.508,0.762,0,0,0.254,0.7
2025-05-18 04:00:00,0.2,0.1,0,0.4,0.6,0.3,0.254,0.254,0.1,0.2,0.762,0.3
2025-05-18 04:05:00,0.2,0.1,0.254,0.3,0.3,0.2,0.508,0.254,0.1,0.2,0.254,0.3
2025-05-18 04:10:00,0,0.2,0.254,0.6,0.4,0.1,0.254,0.254,0.1,0.3,0.508,0.3
2025-05-18 04:15:00,0,0.1,0,0.3,0.3,0.2,0.254,0.254,0.3,0.1,0.508,0.2
2025-05-18 04:20:00,0.2,0.2,0,0.2,0.3,0.2,0,0,0.2,0.2,0,0.1
2025-05-18 04:25:00,0,0.1,0.254,0.1,0.1,0.1,0.254,0.254,0.1,0.2,0.254,0.2
2025-05-18 04:30:00,0.2,0.1,0,0.1,0.1,0.2,0,0,0.2,0.1,0.254,0.2
2025-05-18 04:35:00,0,0.1,0.254,0.1,0.1,0.2,0.254,0.254,0.1,0.1,0,0.1
2025-05-18 04:40:00,0.2,0.1,0,0.2,0.1,0.1,0,0,0.2,0.3,0.254,0.1
2025-05-18 04:45:00,0,0.1,0,0.1,0.2,0.1,0.254,0.254,0.2,0.1,0,0.1
2025-05-18 04:50:00,0,0,0,0.1,0.2,0,0,0,0.1,0.1,0,0.1
2025-05-18 04:55:00,0.2,0.1,0.254,0.1,0.1,0.1,0,0,0.1,0,0,0.0
2025-05-18 05:00:00,0,0.1,0,0.1,0,0.1,0.254,0,0,0.1,0.254,0.1
2025-05-18 05:05:00,0,0,0,0.1,0.1,0,0,0.254,0,0,0.254,0.2
2025-05-18 05:10:00,0,0,0.254,0.1,0,0.2,0.254,0,0.1,0.1,0,0.1
2025-05-18 05:15:00,0,0.1,0,0.2,0.1,0.1,0.254,0,0.1,0.1,0.254,0.1
2025-05-18 05:20:00,0,0,0,0.2,0.1,0.1,0.254,0.254,0.1,0.1,0,0.1
2025-05-18 05:25:00,0,0,0.254,0.1,0.2,0.1,0,0,0.1,0.1,0.254,0.1
2025-05-18 05:30:00,0,0,0,0.2,0.1,0,0,0,0.1,0.1,0,0.1
2025-05-18 05:35:00,0.2,0,0,0.1,0,0.1,0.254,0.254,0,0,0,0.0
2025-05-18 05:40:00,0,0,0,0.1,0.1,0,0,0,0.1,0.1,0,0.0
2025-05-18 05:45:00,0,0,0,0,0.1,0,0,0,0,0,0,0.0
2025-05-18 05:50:00,0,0,0,0,0.1,0,0,0,0,0,0,0.0
2025-05-18 05:55:00,,,,,,,,,,,,
2025-05-18 06:00:00,0,0.1,0,0,0,0,0,0,0,0,0,0.0
2025-05-18 06:05:00,,,,,,,,,,,,
2025-05-18 06:10:00,,,,,,,,,,,,
2025-05-18 06:15:00,,,,,,,,,,,,
2025-05-18 06:20:00,,,,,,,,,,,,
2025-05-18 06:25:00,,,,,,,,,,,,
2025-05-18 06:30:00,,,,,,,,,,,,
2025-05-18 06:35:00,,,,,,,,,,,,
2025-05-18 06:40:00,0,0,0,0,0,0,0,0,0,0.1,0,0.0
2025-05-18 06:45:00,,,,,,,,,,,,
2025-05-18 06:50:00,,,,,,,,,,,,
2025-05-18 06:55:00,0,0,0,0,0,0,0,0,0.1,0,0,0.0
2025-05-18 07:00:00,,,,,,,,,,,,
2025-05-18 07:05:00,,,,,,,,,,,,
2025-05-18 07:10:00,0,0,0,0.1,0,0,0,0,0,0,0,0.0
2025-05-18 07:15:00,,,,,,,,,,,,
2025-05-18 07:20:00,,,,,,,,,,,,
2025-05-18 07:25:00,,,,,,,,,,,,
2025-05-18 07:30:00,,,,,,,,,,,,
2025-05-18 07:35:00,,,,,,,,,,,,
2025-05-18 07:40:00,,,,,,,,,,,,
2025-05-18 07:45:00,,,,,,,,,,,,
2025-05-18 07:50:00,,,,,,,,,,,,
2025-05-18 07:55:00,,,,,,,,,,,,
2025-05-18 08:00:00,,,,,,,,,,,,
2025-05-18 08:05:00,,,,,,,,,,,,
2025-05-18 08:10:00,,,,,,,,,,,,
2025-05-18 08:15:00,,,,,,,,,,,,
2025-05-18 08:20:00,,,,,,,,,,,,
2025-05-18 08:25:00,,,,,,,,,,,,
2025-05-18 08:30:00,,,,,,,,,,,,
2025-05-18 08:35:00,,,,,,,,,,,,
2025-05-18 08:40:00,,,,,,,,,,,,
2025-05-18 08:45:00,,,,,,,,,,,,
2025-05-18 08:50:00,,,,,,,,,,,,
2025-05-18 08:55:00,,,,,,,,,,,,
2025-05-18 09:00:00,,,,,,,,,,,,
2025-05-18 09:05:00,,,,,,,,,,,,
2025-05-18 09:10:00,,,,,,,,,,,,
2025-05-18 09:15:00,,,,,,,,,,,,
2025-05-18 09:20:00,,,,,,,,,,,,
2025-05-18 09:25:00,,,,,,,,,,,,
2025-05-18 09:30:00,,,,,,,,,,,,
2025-05-18 09:35:00,,,,,,,,,,,,
2025-05-18 09:40:00,,,,,,,,,,,,
2025-05-18 09:45:00,,,,,,,,,,,,
2025-05-18 09:50:00,,,,,,,,,,,,
2025-05-18 09:55:00,,,,,,,,,,,,
2025-05-18 10:00:00,,,,,,,,,,,,
2025-05-18 10:05:00,,,,,,,,,,,,
2025-05-18 10:10:00,,,,,,,,,,,,
2025-05-18 10:15:00,,,,,,,,,,,,
2025-05-18 10:20:00,,,,,,,,,,,,
2025-05-18 10:25:00,,,,,,,,,,,,
2025-05-18 10:30:00,,,,,,,,,,,,
2025-05-18 10:35:00,,,,,,,,,,,,
2025-05-18 10:40:00,,,,,,,,,,,,
2025-05-18 10:45:00,,,,,,,,,,,,
2025-05-18 10:50:00,,,,,,,,,,,,
2025-05-18 10:55:00,,,,,,,,,,,,
2025-05-18 11:00:00,,,,,,,,,,,,
2025-05-18 11:05:00,,,,,,,,,,,,
2025-05-18 11:10:00,,,,,,,,,,,,
2025-05-18 11:15:00,,,,,,,,,,,,
2025-05-18 11:20:00,,,,,,,,,,,,
2025-05-18 11:25:00,,,,,,,,,,,,
2025-05-18 11:30:00,,,,,,,,,,,,
2025-05-18 11:35:00,,,,,,,,,,,,
2025-05-18 11:40:00,,,,,,,,,,,,
2025-05-18 11:45:00,,,,,,,,,,,,
2025-05-18 11:50:00,,,,,,,,,,,,
2025-05-18 11:55:00,,,,,,,,,,,,
2025-05-18 12:00:00,,,,,,,,,,,,
2025-05-18 12:05:00,,,,,,,,,,,,
2025-05-18 12:10:00,,,,,,,,,,,,
2025-05-18 12:15:00,,,,,,,,,,,,
2025-05-18 12:20:00,,,,,,,,,,,,
2025-05-18 12:25:00,,,,,,,,,,,,
2025-05-18 12:30:00,,,,,,,,,,,,
2025-05-18 12:35:00,,,,,,,,,,,,
2025-05-18 12:40:00,,,,,,,,,,,,
2025-05-18 12:45:00,,,,,,,,,,,,
2025-05-18 12:50:00,0,0,0,0,0,0,0,0,0,0,0,0.1
2025-05-18 12:55:00,,,,,,,,,,,,
2025-05-18 13:00:00,,,,,,,,,,,,
2025-05-18 13:05:00,0,0,0,0,0,0,0,0,0,0,0.508,0.0
2025-05-18 13:10:00,0,0,0,0,0,0,0.254,0,0,0,1.016,0.0
2025-05-18 13:15:00,0,0,0,0.2,0,0,0,0,0,0,0.254,0.0
2025-05-18 13:20:00,,,,,,,,,,,,
2025-05-18 13:25:00,0,0,0,0.1,0,0,0,0,0,0,0,0.0
2025-05-18 13:30:00,,,,,,,,,,,,
2025-05-18 13:35:00,,,,,,,,,,,,
2025-05-18 13:40:00,,,,,,,,,,,,
2025-05-18 13:45:00,,,,,,,,,,,,
2025-05-18 13:50:00,,,,,,,,,,,,
2025-05-18 13:55:00,,,,,,,,,,,,
2025-05-18 14:00:00,,,,,,,,,,,,
2025-05-18 14:05:00,,,,,,,,,,,,
2025-05-18 14:10:00,,,,,,,,,,,,
2025-05-18 14:15:00,,,,,,,,,,,,
2025-05-18 14:20:00,,,,,,,,,,,,
2025-05-18 14:25:00,,,,,,,,,,,,
2025-05-18 14:30:00,,,,,,,,,,,,
2025-05-18 14:35:00,,,,,,,,,,,,
2025-05-18 14:40:00,,,,,,,,,,,,
2025-05-18 14:45:00,,,,,,,,,,,,
2025-05-18 14:50:00,,,,,,,,,,,,
2025-05-18 14:55:00,,,,,,,,,,,,
2025-05-18 15:00:00,,,,,,,,,,,,
2025-05-18 15:05:00,,,,,,,,,,,,
2025-05-18 15:10:00,,,,,,,,,,,,
2025-05-18 15:15:00,,,,,,,,,,,,
2025-05-18 15:20:00,,,,,,,,,,,,
2025-05-18 15:25:00,,,,,,,,,,,,
2025-05-18 15:30:00,,,,,,,,,,,,
2025-05-18 15:35:00,,,,,,,,,,,,
2025-05-18 15:40:00,,,,,,,,,,,,
2025-05-18 15:45:00,,,,,,,,,,,,
2025-05-18 15:50:00,,,,,,,,,,,,
2025-05-18 15:55:00,,,,,,,,,,,,
2025-05-18 16:00:00,,,,,,,,,,,,
2025-05-18 16:05:00,,,,,,,,,,,,
2025-05-18 16:10:00,,,,,,,,,,,,
2025-05-18 16:15:00,,,,,,,,,,,,
2025-05-18 16:20:00,,,,,,,,,,,,
2025-05-18 16:25:00,,,,,,,,,,,,
2025-05-18 16:30:00,,,,,,,,,,,,
2025-05-18 16:35:00,,,,,,,,,,,,
2025-05-18 16:40:00,,,,,,,,,,,,
2025-05-18 16:45:00,,,,,,,,,,,,
2025-05-18 16:50:00,,,,,,,,,,,,
2025-05-18 16:55:00,,,,,,,,,,,,
2025-05-18 17:00:00,,,,,,,,,,,,
2025-05-18 17:05:00,,,,,,,,,,,,
2025-05-18 17:10:00,,,,,,,,,,,,
2025-05-18 17:15:00,,,,,,,,,,,,
2025-05-18 17:20:00,,,,,,,,,,,,
2025-05-18 17:25:00,,,,,,,,,,,,
2025-05-18 17:30:00,,,,,,,,,,,,
2025-05-18 17:35:00,,,,,,,,,,,,
2025-05-18 17:40:00,,,,,,,,,,,,
2025-05-18 17:45:00,,,,,,,,,,,,
2025-05-18 17:50:00,0,0,0,0,0,0,0,0,0,0.1,0,0.0
2025-05-18 17:55:00,,,,,,,,,,,,
2025-05-18 18:00:00,0,0,0,0,0,0.1,0,0,0.1,0,0,0.0
2025-05-18 18:05:00,,,,,,,,,,,,
2025-05-18 18:10:00,0,0,0,0,0,0,0,0,0,0.1,0,0.0
2025-05-18 18:15:00,,,,,,,,,,,,
2025-05-18 18:20:00,0,0,0,0,0.2,0,0,0,0,0,0,0.0
2025-05-18 18:25:00,0,0.2,0,0,0.1,0,0,0,0.1,0,0,0.0
2025-05-18 18:30:00,0,0,0,0.1,0.2,0,0,0,0.1,0.1,0,0.0
2025-05-18 18:35:00,0,0,0,0.1,0.3,0,0,0,0.1,0.1,0,0.0
2025-05-18 18:40:00,0,0.1,0,0.1,0.6,0.1,0.254,0,0.1,0.1,0,0.1
2025-05-18 18:45:00,0,0,0,0.3,0.1,0.1,0.254,0.254,0.1,0.1,0.254,0.0
2025-05-18 18:50:00,0,0,0,0.6,0.1,0.1,0,0,0,0.1,0,0.0
2025-05-18 18:55:00,0,0,0,0.2,0.1,0.2,0.254,0.254,0.1,0.1,0,0.2
2025-05-18 19:00:00,0,0,0,0.1,0,0.1,0,0,0,0,0.254,0.1
2025-05-18 19:05:00,0,0,0,0,0,0.1,0.254,0,0.1,0.1,0.254,0.1
2025-05-18 19:10:00,0,0.1,0,0.1,0.1,0,0,0,0,0.1,0,0.1
2025-05-18 19:15:00,0,0,0,0,0,0.1,0,0.254,0,0.1,0,0.0
2025-05-18 19:20:00,0,0,0,0,0,0.1,0,0,0.1,0,0,0.0
2025-05-18 19:25:00,0,0,0,0.1,0.1,0,0,0,0,0,0,0.1
2025-05-18 19:30:00,0,0,0,0,0,0,0,0,0,0,0.254,0.0
2025-05-18 19:35:00,0,0,0,0.1,0,0,0,0,0,0,0,0.0
2025-05-18 19:40:00,,,,,,,,,,,,
2025-05-18 19:45:00,,,,,,,,,,,,
2025-05-18 19:50:00,,,,,,,,,,,,
2025-05-18 19:55:00,0,0,0,0,0.1,0,0,0,0,0,0,0.0
2025-05-18 20:00:00,,,,,,,,,,,,
2025-05-18 20:05:00,,,,,,,,,,,,
2025-05-18 20:10:00,,,,,,,,,,,,
2025-05-18 20:15:00,0,0.1,0,0,0,0,0,0,0,0,0,0.0
2025-05-18 20:20:00,,,,,,,,,,,,
2025-05-18 20:25:00,,,,,,,,,,,,
2025-05-18 20:30:00,,,,,,,,,,,,
2025-05-18 20:35:00,,,,,,,,,,,,
2025-05-18 20:40:00,0.2,0,0,0,0,0,0,0,0,0,0,0.0
2025-05-18 20:45:00,,,,,,,,,,,,
2025-05-18 20:50:00,,,,,,,,,,,,
2025-05-18 20:55:00,,,,,,,,,,,,
2025-05-18 21:00:00,,,,,,,,,,,,
2025-05-18 21:05:00,0,0,0,0,0.1,0,0,0,0,0.1,0,0.0
2025-05-18 21:10:00,,,,,,,,,,,,
2025-05-18 21:15:00,0.2,0,0,0,0,0,0,0,0,0,0,0.0
2025-05-18 21:20:00,,,,,,,,,,,,
2025-05-18 21:25:00,0,0,0,0,0,0.1,0,0,0,0,0,0.0
2025-05-18 21:30:00,0,0.1,0,0,0,0.1,0,0,0,0,0,0.0
2025-05-18 21:35:00,0,0,0,0.1,0,0,0,0,0,0.1,0,0.1
2025-05-18 21:40:00,0,0,0,0,0,0.1,0,0,0,0,0,0.0
2025-05-18 21:45:00,0,0,0,0.1,0.1,0,0.254,0,0,0,0,0.0
2025-05-18 21:50:00,0,0,0,0.1,0,0,0,0,0,0,0,0.0
2025-05-18 21:55:00,,,,,,,,,,,,
2025-05-18 22:00:00,0,0,0,0,0.1,0,0,0,0,0,0,0.0
2025-05-18 22:05:00,0,0.1,0,0.1,0,0,0,0,0,0,0,0.0
2025-05-18 22:10:00,,,,,,,,,,,,
2025-05-18 22:15:00,0,0,0,0,0.1,0,0,0,0,0,0,0.0
2025-05-18 22:20:00,,,,,,,,,,,,
2025-05-18 22:25:00,0,0,0,0,0.1,0,0,0,0,0,0,0.0
2025-05-18 22:30:00,,,,,,,,,,,,
2025-05-18 22:35:00,,,,,,,,,,,,
2025-05-18 22:40:00,,,,,,,,,,,,
2025-05-18 22:45:00,0,0,0,0.1,0.1,0,0,0,0,0,0,0.0
2025-05-18 22:50:00,,,,,,,,,,,,
2025-05-18 22:55:00,,,,,,,,,,,,
2025-05-18 23:00:00,,,,,,,,,,,,
2025-05-18 23:05:00,,,,,,,,,,,,
2025-05-18 23:10:00,0,0.1,0,0,0.1,0.1,0,0,0,0,0,0.0
2025-05-18 23:15:00,0,0,0,0,0,0,0,0,0.1,0,0,0.0
2025-05-18 23:20:00,0,0,0,0.1,0,0.1,0,0,0,0.1,0,0.1
2025-05-18 23:25:00,0,0,0,0,0,0.1,0,0,0,0,0,0.0
2025-05-18 23:30:00,0,0,0,0.1,0,0,0,0,0,0,0,0.1
2025-05-18 23:35:00,0,0,0,0,0,0.1,0,0,0,0.1,0,0.1
2025-05-18 23:40:00,0,0,0,0.1,0,0.1,0,0.254,0.1,0,0.254,0.1
2025-05-18 23:45:00,0,0.1,0,0,0.1,0,0,0,0,0,0,0.0
2025-05-18 23:50:00,0.2,0,0,0.1,0,0.1,0,0,0.1,0.1,0,0.1
2025-05-18 23:55:00,0,0,0,0.1,0.1,0.1,0.254,0,0,0.1,0,0.0
2025-05-19 00:00:00,0,0,0,0.1,0.1,0,0,0,0.1,0,0,0.0
